Harvest_year,Company,Tobacco_Type,Class,R$_Kg
01/01/2018,Besuki Na Oogst,Gudang Garam,Jember,100674
02/01/2018,Besuki Na Oogst,Gudang Garam,Jember,142500
03/01/2018,Besuki Na Oogst,Gudang Garam,Jember,112557
04/01/2018,Besuki Na Oogst,Gudang Garam,Jember,96503
05/01/2018,Besuki Na Oogst,Gudang Garam,Jember,115845
06/01/2018,Besuki Na Oogst,Gudang Garam,Jember,129454
07/01/2018,Besuki Na Oogst,Gudang Garam,Jember,101453
08/01/2018,Besuki Na Oogst,Gudang Garam,Jember,130745
09/01/2018,Besuki Na Oogst,Gudang Garam,Jember,122481
10/01/2018,Besuki Na Oogst,Gudang Garam,Jember,146025
11/01/2018,Besuki Na Oogst,Gudang Garam,Jember,95500
12/01/2018,Besuki Na Oogst,Gudang Garam,Jember,115946
13/01/2018,Besuki Na Oogst,Gudang Garam,Jember,107213
14/01/2018,Besuki Na Oogst,Gudang Garam,Jember,114152
15/01/2018,Besuki Na Oogst,Gudang Garam,Jember,125831
16/01/2018,Besuki Na Oogst,Gudang Garam,Jember,149506
17/01/2018,Besuki Na Oogst,Gudang Garam,Jember,106198
18/01/2018,Besuki Na Oogst,Gudang Garam,Jember,117860
19/01/2018,Besuki Na Oogst,Gudang Garam,Jember,149329
20/01/2018,Besuki Na Oogst,Gudang Garam,Jember,104994
21/01/2018,Besuki Na Oogst,Gudang Garam,Jember,143983
22/01/2018,Besuki Na Oogst,Gudang Garam,Jember,146098
23/01/2018,Besuki Na Oogst,Gudang Garam,Jember,106110
24/01/2018,Besuki Na Oogst,Gudang Garam,Jember,105585
25/01/2018,Besuki Na Oogst,Gudang Garam,Jember,147195
26/01/2018,Besuki Na Oogst,Gudang Garam,Jember,120130
27/01/2018,Besuki Na Oogst,Gudang Garam,Jember,123494
28/01/2018,Besuki Na Oogst,Gudang Garam,Jember,119634
29/01/2018,Besuki Na Oogst,Gudang Garam,Jember,135252
30/01/2018,Besuki Na Oogst,Gudang Garam,Jember,96698
31/01/2018,Besuki Na Oogst,Gudang Garam,Jember,108891
01/02/2018,Besuki Na Oogst,Gudang Garam,Jember,105580
02/02/2018,Besuki Na Oogst,Gudang Garam,Jember,128209
03/02/2018,Besuki Na Oogst,Gudang Garam,Jember,111223
04/02/2018,Besuki Na Oogst,Gudang Garam,Jember,149686
05/02/2018,Besuki Na Oogst,Gudang Garam,Jember,92451
06/02/2018,Besuki Na Oogst,Gudang Garam,Jember,107050
07/02/2018,Besuki Na Oogst,Gudang Garam,Jember,97065
08/02/2018,Besuki Na Oogst,Gudang Garam,Jember,97335
09/02/2018,Besuki Na Oogst,Gudang Garam,Jember,124247
10/02/2018,Besuki Na Oogst,Gudang Garam,Jember,97771
11/02/2018,Besuki Na Oogst,Gudang Garam,Jember,96142
12/02/2018,Besuki Na Oogst,Gudang Garam,Jember,98202
13/02/2018,Besuki Na Oogst,Gudang Garam,Jember,108628
14/02/2018,Besuki Na Oogst,Gudang Garam,Jember,118085
15/02/2018,Besuki Na Oogst,Gudang Garam,Jember,146809
16/02/2018,Besuki Na Oogst,Gudang Garam,Jember,143307
17/02/2018,Besuki Na Oogst,Gudang Garam,Jember,126881
18/02/2018,Besuki Na Oogst,Gudang Garam,Jember,114996
19/02/2018,Besuki Na Oogst,Gudang Garam,Jember,145962
20/02/2018,Besuki Na Oogst,Gudang Garam,Jember,118235
21/02/2018,Besuki Na Oogst,Gudang Garam,Jember,111542
22/02/2018,Besuki Na Oogst,Gudang Garam,Jember,103699
23/02/2018,Besuki Na Oogst,Gudang Garam,Jember,137245
24/02/2018,Besuki Na Oogst,Gudang Garam,Jember,91823
25/02/2018,Besuki Na Oogst,Gudang Garam,Jember,135672
26/02/2018,Besuki Na Oogst,Gudang Garam,Jember,109255
27/02/2018,Besuki Na Oogst,Gudang Garam,Jember,120985
28/02/2018,Besuki Na Oogst,Gudang Garam,Jember,116582
01/03/2018,Besuki Na Oogst,Gudang Garam,Jember,101538
02/03/2018,Besuki Na Oogst,Gudang Garam,Jember,120993
03/03/2018,Besuki Na Oogst,Gudang Garam,Jember,92877
04/03/2018,Besuki Na Oogst,Gudang Garam,Jember,114612
05/03/2018,Besuki Na Oogst,Gudang Garam,Jember,130523
06/03/2018,Besuki Na Oogst,Gudang Garam,Jember,99187
07/03/2018,Besuki Na Oogst,Gudang Garam,Jember,135097
08/03/2018,Besuki Na Oogst,Gudang Garam,Jember,132879
09/03/2018,Besuki Na Oogst,Gudang Garam,Jember,94949
10/03/2018,Besuki Na Oogst,Gudang Garam,Jember,143633
11/03/2018,Besuki Na Oogst,Gudang Garam,Jember,113674
12/03/2018,Besuki Na Oogst,Gudang Garam,Jember,125637
13/03/2018,Besuki Na Oogst,Gudang Garam,Jember,147128
14/03/2018,Besuki Na Oogst,Gudang Garam,Jember,105621
15/03/2018,Besuki Na Oogst,Gudang Garam,Jember,146432
16/03/2018,Besuki Na Oogst,Gudang Garam,Jember,97985
17/03/2018,Besuki Na Oogst,Gudang Garam,Jember,94346
18/03/2018,Besuki Na Oogst,Gudang Garam,Jember,118019
19/03/2018,Besuki Na Oogst,Gudang Garam,Jember,115912
20/03/2018,Besuki Na Oogst,Gudang Garam,Jember,147601
21/03/2018,Besuki Na Oogst,Gudang Garam,Jember,101335
22/03/2018,Besuki Na Oogst,Gudang Garam,Jember,122712
23/03/2018,Besuki Na Oogst,Gudang Garam,Jember,95971
24/03/2018,Besuki Na Oogst,Gudang Garam,Jember,110313
25/03/2018,Besuki Na Oogst,Gudang Garam,Jember,111842
26/03/2018,Besuki Na Oogst,Gudang Garam,Jember,117806
27/03/2018,Besuki Na Oogst,Gudang Garam,Jember,129994
28/03/2018,Besuki Na Oogst,Gudang Garam,Jember,106558
29/03/2018,Besuki Na Oogst,Gudang Garam,Jember,137998
30/03/2018,Besuki Na Oogst,Gudang Garam,Jember,98027
31/03/2018,Besuki Na Oogst,Gudang Garam,Jember,95858
01/04/2018,Besuki Na Oogst,Gudang Garam,Jember,129445
02/04/2018,Besuki Na Oogst,Gudang Garam,Jember,120849
03/04/2018,Besuki Na Oogst,Gudang Garam,Jember,125713
04/04/2018,Besuki Na Oogst,Gudang Garam,Jember,91644
05/04/2018,Besuki Na Oogst,Gudang Garam,Jember,147152
06/04/2018,Besuki Na Oogst,Gudang Garam,Jember,143599
07/04/2018,Besuki Na Oogst,Gudang Garam,Jember,149140
08/04/2018,Besuki Na Oogst,Gudang Garam,Jember,102936
09/04/2018,Besuki Na Oogst,Gudang Garam,Jember,122181
10/04/2018,Besuki Na Oogst,Gudang Garam,Jember,114711
11/04/2018,Besuki Na Oogst,Gudang Garam,Jember,140754
12/04/2018,Besuki Na Oogst,Gudang Garam,Jember,90653
13/04/2018,Besuki Na Oogst,Gudang Garam,Jember,128515
14/04/2018,Besuki Na Oogst,Gudang Garam,Jember,99247
15/04/2018,Besuki Na Oogst,Gudang Garam,Jember,127182
16/04/2018,Besuki Na Oogst,Gudang Garam,Jember,93788
17/04/2018,Besuki Na Oogst,Gudang Garam,Jember,143157
18/04/2018,Besuki Na Oogst,Gudang Garam,Jember,90340
19/04/2018,Besuki Na Oogst,Gudang Garam,Jember,119771
20/04/2018,Besuki Na Oogst,Gudang Garam,Jember,91869
21/04/2018,Besuki Na Oogst,Gudang Garam,Jember,145447
22/04/2018,Besuki Na Oogst,Gudang Garam,Jember,90949
23/04/2018,Besuki Na Oogst,Gudang Garam,Jember,93829
24/04/2018,Besuki Na Oogst,Gudang Garam,Jember,114796
25/04/2018,Besuki Na Oogst,Gudang Garam,Jember,108985
26/04/2018,Besuki Na Oogst,Gudang Garam,Jember,123703
27/04/2018,Besuki Na Oogst,Gudang Garam,Jember,109353
28/04/2018,Besuki Na Oogst,Gudang Garam,Jember,103722
29/04/2018,Besuki Na Oogst,Gudang Garam,Jember,107136
30/04/2018,Besuki Na Oogst,Gudang Garam,Jember,121090
01/05/2018,Besuki Na Oogst,Gudang Garam,Jember,95594
02/05/2018,Besuki Na Oogst,Gudang Garam,Jember,145600
03/05/2018,Besuki Na Oogst,Gudang Garam,Jember,121657
04/05/2018,Besuki Na Oogst,Gudang Garam,Jember,120190
05/05/2018,Besuki Na Oogst,Gudang Garam,Jember,121350
06/05/2018,Besuki Na Oogst,Gudang Garam,Jember,128770
07/05/2018,Besuki Na Oogst,Gudang Garam,Jember,142028
08/05/2018,Besuki Na Oogst,Gudang Garam,Jember,98177
09/05/2018,Besuki Na Oogst,Gudang Garam,Jember,147460
10/05/2018,Besuki Na Oogst,Gudang Garam,Jember,140221
11/05/2018,Besuki Na Oogst,Gudang Garam,Jember,117673
12/05/2018,Besuki Na Oogst,Gudang Garam,Jember,139153
13/05/2018,Besuki Na Oogst,Gudang Garam,Jember,141779
14/05/2018,Besuki Na Oogst,Gudang Garam,Jember,116584
15/05/2018,Besuki Na Oogst,Gudang Garam,Jember,125247
16/05/2018,Besuki Na Oogst,Gudang Garam,Jember,105256
17/05/2018,Besuki Na Oogst,Gudang Garam,Jember,149623
18/05/2018,Besuki Na Oogst,Gudang Garam,Jember,93096
19/05/2018,Besuki Na Oogst,Gudang Garam,Jember,91684
20/05/2018,Besuki Na Oogst,Gudang Garam,Jember,124703
21/05/2018,Besuki Na Oogst,Gudang Garam,Jember,115986
22/05/2018,Besuki Na Oogst,Gudang Garam,Jember,131068
23/05/2018,Besuki Na Oogst,Gudang Garam,Jember,139129
24/05/2018,Besuki Na Oogst,Gudang Garam,Jember,149719
25/05/2018,Besuki Na Oogst,Gudang Garam,Jember,95508
26/05/2018,Besuki Na Oogst,Gudang Garam,Jember,92635
27/05/2018,Besuki Na Oogst,Gudang Garam,Jember,120367
28/05/2018,Besuki Na Oogst,Gudang Garam,Jember,113557
29/05/2018,Besuki Na Oogst,Gudang Garam,Jember,109497
30/05/2018,Besuki Na Oogst,Gudang Garam,Jember,106528
31/05/2018,Besuki Na Oogst,Gudang Garam,Jember,102289
01/06/2018,Besuki Na Oogst,Gudang Garam,Jember,124503
02/06/2018,Besuki Na Oogst,Gudang Garam,Jember,98627
03/06/2018,Besuki Na Oogst,Gudang Garam,Jember,143322
04/06/2018,Besuki Na Oogst,Gudang Garam,Jember,146414
05/06/2018,Besuki Na Oogst,Gudang Garam,Jember,139597
06/06/2018,Besuki Na Oogst,Gudang Garam,Jember,119811
07/06/2018,Besuki Na Oogst,Gudang Garam,Jember,124483
08/06/2018,Besuki Na Oogst,Gudang Garam,Jember,140989
09/06/2018,Besuki Na Oogst,Gudang Garam,Jember,119492
10/06/2018,Besuki Na Oogst,Gudang Garam,Jember,112305
11/06/2018,Besuki Na Oogst,Gudang Garam,Jember,101153
12/06/2018,Besuki Na Oogst,Gudang Garam,Jember,93600
13/06/2018,Besuki Na Oogst,Gudang Garam,Jember,111165
14/06/2018,Besuki Na Oogst,Gudang Garam,Jember,125598
15/06/2018,Besuki Na Oogst,Gudang Garam,Jember,124197
16/06/2018,Besuki Na Oogst,Gudang Garam,Jember,135809
17/06/2018,Besuki Na Oogst,Gudang Garam,Jember,147751
18/06/2018,Besuki Na Oogst,Gudang Garam,Jember,138923
19/06/2018,Besuki Na Oogst,Gudang Garam,Jember,148222
20/06/2018,Besuki Na Oogst,Gudang Garam,Jember,94798
21/06/2018,Besuki Na Oogst,Gudang Garam,Jember,107076
22/06/2018,Besuki Na Oogst,Gudang Garam,Jember,148071
23/06/2018,Besuki Na Oogst,Gudang Garam,Jember,107937
24/06/2018,Besuki Na Oogst,Gudang Garam,Jember,134056
25/06/2018,Besuki Na Oogst,Gudang Garam,Jember,130616
26/06/2018,Besuki Na Oogst,Gudang Garam,Jember,97771
27/06/2018,Besuki Na Oogst,Gudang Garam,Jember,126827
28/06/2018,Besuki Na Oogst,Gudang Garam,Jember,106958
29/06/2018,Besuki Na Oogst,Gudang Garam,Jember,124362
30/06/2018,Besuki Na Oogst,Gudang Garam,Jember,130717
01/07/2018,Besuki Na Oogst,Gudang Garam,Jember,127285
02/07/2018,Besuki Na Oogst,Gudang Garam,Jember,117872
03/07/2018,Besuki Na Oogst,Gudang Garam,Jember,133174
04/07/2018,Besuki Na Oogst,Gudang Garam,Jember,96095
05/07/2018,Besuki Na Oogst,Gudang Garam,Jember,126562
06/07/2018,Besuki Na Oogst,Gudang Garam,Jember,146539
07/07/2018,Besuki Na Oogst,Gudang Garam,Jember,118688
08/07/2018,Besuki Na Oogst,Gudang Garam,Jember,128012
09/07/2018,Besuki Na Oogst,Gudang Garam,Jember,149417
10/07/2018,Besuki Na Oogst,Gudang Garam,Jember,113468
11/07/2018,Besuki Na Oogst,Gudang Garam,Jember,143206
12/07/2018,Besuki Na Oogst,Gudang Garam,Jember,144495
13/07/2018,Besuki Na Oogst,Gudang Garam,Jember,131436
14/07/2018,Besuki Na Oogst,Gudang Garam,Jember,138192
15/07/2018,Besuki Na Oogst,Gudang Garam,Jember,102838
16/07/2018,Besuki Na Oogst,Gudang Garam,Jember,93296
17/07/2018,Besuki Na Oogst,Gudang Garam,Jember,135730
18/07/2018,Besuki Na Oogst,Gudang Garam,Jember,94612
19/07/2018,Besuki Na Oogst,Gudang Garam,Jember,129719
20/07/2018,Besuki Na Oogst,Gudang Garam,Jember,116462
21/07/2018,Besuki Na Oogst,Gudang Garam,Jember,93375
22/07/2018,Besuki Na Oogst,Gudang Garam,Jember,136900
23/07/2018,Besuki Na Oogst,Gudang Garam,Jember,99353
24/07/2018,Besuki Na Oogst,Gudang Garam,Jember,106916
25/07/2018,Besuki Na Oogst,Gudang Garam,Jember,118749
26/07/2018,Besuki Na Oogst,Gudang Garam,Jember,107804
27/07/2018,Besuki Na Oogst,Gudang Garam,Jember,145624
28/07/2018,Besuki Na Oogst,Gudang Garam,Jember,126063
29/07/2018,Besuki Na Oogst,Gudang Garam,Jember,143315
30/07/2018,Besuki Na Oogst,Gudang Garam,Jember,100274
31/07/2018,Besuki Na Oogst,Gudang Garam,Jember,111639
01/08/2018,Besuki Na Oogst,Gudang Garam,Jember,140371
02/08/2018,Besuki Na Oogst,Gudang Garam,Jember,120105
03/08/2018,Besuki Na Oogst,Gudang Garam,Jember,108737
04/08/2018,Besuki Na Oogst,Gudang Garam,Jember,148420
05/08/2018,Besuki Na Oogst,Gudang Garam,Jember,127797
06/08/2018,Besuki Na Oogst,Gudang Garam,Jember,123596
07/08/2018,Besuki Na Oogst,Gudang Garam,Jember,138419
08/08/2018,Besuki Na Oogst,Gudang Garam,Jember,99011
09/08/2018,Besuki Na Oogst,Gudang Garam,Jember,110546
10/08/2018,Besuki Na Oogst,Gudang Garam,Jember,114768
11/08/2018,Besuki Na Oogst,Gudang Garam,Jember,113439
12/08/2018,Besuki Na Oogst,Gudang Garam,Jember,134999
13/08/2018,Besuki Na Oogst,Gudang Garam,Jember,125014
14/08/2018,Besuki Na Oogst,Gudang Garam,Jember,111739
15/08/2018,Besuki Na Oogst,Gudang Garam,Jember,97675
16/08/2018,Besuki Na Oogst,Gudang Garam,Jember,92883
17/08/2018,Besuki Na Oogst,Gudang Garam,Jember,100244
18/08/2018,Besuki Na Oogst,Gudang Garam,Jember,136729
19/08/2018,Besuki Na Oogst,Gudang Garam,Jember,141927
20/08/2018,Besuki Na Oogst,Gudang Garam,Jember,96815
21/08/2018,Besuki Na Oogst,Gudang Garam,Jember,127828
22/08/2018,Besuki Na Oogst,Gudang Garam,Jember,149068
23/08/2018,Besuki Na Oogst,Gudang Garam,Jember,93516
24/08/2018,Besuki Na Oogst,Gudang Garam,Jember,144261
25/08/2018,Besuki Na Oogst,Gudang Garam,Jember,128663
26/08/2018,Besuki Na Oogst,Gudang Garam,Jember,137606
27/08/2018,Besuki Na Oogst,Gudang Garam,Jember,144334
28/08/2018,Besuki Na Oogst,Gudang Garam,Jember,105514
29/08/2018,Besuki Na Oogst,Gudang Garam,Jember,111782
30/08/2018,Besuki Na Oogst,Gudang Garam,Jember,90991
31/08/2018,Besuki Na Oogst,Gudang Garam,Jember,121919
01/09/2018,Besuki Na Oogst,Gudang Garam,Jember,128371
02/09/2018,Besuki Na Oogst,Gudang Garam,Jember,139989
03/09/2018,Besuki Na Oogst,Gudang Garam,Jember,117736
04/09/2018,Besuki Na Oogst,Gudang Garam,Jember,125064
05/09/2018,Besuki Na Oogst,Gudang Garam,Jember,109661
06/09/2018,Besuki Na Oogst,Gudang Garam,Jember,103551
07/09/2018,Besuki Na Oogst,Gudang Garam,Jember,106893
08/09/2018,Besuki Na Oogst,Gudang Garam,Jember,111657
09/09/2018,Besuki Na Oogst,Gudang Garam,Jember,96896
10/09/2018,Besuki Na Oogst,Gudang Garam,Jember,113121
11/09/2018,Besuki Na Oogst,Gudang Garam,Jember,148468
12/09/2018,Besuki Na Oogst,Gudang Garam,Jember,134487
13/09/2018,Besuki Na Oogst,Gudang Garam,Jember,118474
14/09/2018,Besuki Na Oogst,Gudang Garam,Jember,101005
15/09/2018,Besuki Na Oogst,Gudang Garam,Jember,100203
16/09/2018,Besuki Na Oogst,Gudang Garam,Jember,91646
17/09/2018,Besuki Na Oogst,Gudang Garam,Jember,132490
18/09/2018,Besuki Na Oogst,Gudang Garam,Jember,90411
19/09/2018,Besuki Na Oogst,Gudang Garam,Jember,137205
20/09/2018,Besuki Na Oogst,Gudang Garam,Jember,117744
21/09/2018,Besuki Na Oogst,Gudang Garam,Jember,94398
22/09/2018,Besuki Na Oogst,Gudang Garam,Jember,120736
23/09/2018,Besuki Na Oogst,Gudang Garam,Jember,103642
24/09/2018,Besuki Na Oogst,Gudang Garam,Jember,141591
25/09/2018,Besuki Na Oogst,Gudang Garam,Jember,147030
26/09/2018,Besuki Na Oogst,Gudang Garam,Jember,116655
27/09/2018,Besuki Na Oogst,Gudang Garam,Jember,140621
28/09/2018,Besuki Na Oogst,Gudang Garam,Jember,121073
29/09/2018,Besuki Na Oogst,Gudang Garam,Jember,104930
30/09/2018,Besuki Na Oogst,Gudang Garam,Jember,136318
01/10/2018,Besuki Na Oogst,Gudang Garam,Jember,104649
02/10/2018,Besuki Na Oogst,Gudang Garam,Jember,132651
03/10/2018,Besuki Na Oogst,Gudang Garam,Jember,94533
04/10/2018,Besuki Na Oogst,Gudang Garam,Jember,106479
05/10/2018,Besuki Na Oogst,Gudang Garam,Jember,110219
06/10/2018,Besuki Na Oogst,Gudang Garam,Jember,136274
07/10/2018,Besuki Na Oogst,Gudang Garam,Jember,94790
08/10/2018,Besuki Na Oogst,Gudang Garam,Jember,142557
09/10/2018,Besuki Na Oogst,Gudang Garam,Jember,143885
10/10/2018,Besuki Na Oogst,Gudang Garam,Jember,94139
11/10/2018,Besuki Na Oogst,Gudang Garam,Jember,122015
12/10/2018,Besuki Na Oogst,Gudang Garam,Jember,93854
13/10/2018,Besuki Na Oogst,Gudang Garam,Jember,123739
14/10/2018,Besuki Na Oogst,Gudang Garam,Jember,127965
15/10/2018,Besuki Na Oogst,Gudang Garam,Jember,114640
16/10/2018,Besuki Na Oogst,Gudang Garam,Jember,102645
17/10/2018,Besuki Na Oogst,Gudang Garam,Jember,94480
18/10/2018,Besuki Na Oogst,Gudang Garam,Jember,126972
19/10/2018,Besuki Na Oogst,Gudang Garam,Jember,126965
20/10/2018,Besuki Na Oogst,Gudang Garam,Jember,100385
21/10/2018,Besuki Na Oogst,Gudang Garam,Jember,114815
22/10/2018,Besuki Na Oogst,Gudang Garam,Jember,120669
23/10/2018,Besuki Na Oogst,Gudang Garam,Jember,134419
24/10/2018,Besuki Na Oogst,Gudang Garam,Jember,90897
25/10/2018,Besuki Na Oogst,Gudang Garam,Jember,98826
26/10/2018,Besuki Na Oogst,Gudang Garam,Jember,101092
27/10/2018,Besuki Na Oogst,Gudang Garam,Jember,92146
28/10/2018,Besuki Na Oogst,Gudang Garam,Jember,125114
29/10/2018,Besuki Na Oogst,Gudang Garam,Jember,125660
30/10/2018,Besuki Na Oogst,Gudang Garam,Jember,110866
31/10/2018,Besuki Na Oogst,Gudang Garam,Jember,134124
01/11/2018,Besuki Na Oogst,Gudang Garam,Jember,147401
02/11/2018,Besuki Na Oogst,Gudang Garam,Jember,106981
03/11/2018,Besuki Na Oogst,Gudang Garam,Jember,97202
04/11/2018,Besuki Na Oogst,Gudang Garam,Jember,135562
05/11/2018,Besuki Na Oogst,Gudang Garam,Jember,109621
06/11/2018,Besuki Na Oogst,Gudang Garam,Jember,93304
07/11/2018,Besuki Na Oogst,Gudang Garam,Jember,125966
08/11/2018,Besuki Na Oogst,Gudang Garam,Jember,105431
09/11/2018,Besuki Na Oogst,Gudang Garam,Jember,147787
10/11/2018,Besuki Na Oogst,Gudang Garam,Jember,149429
11/11/2018,Besuki Na Oogst,Gudang Garam,Jember,137832
12/11/2018,Besuki Na Oogst,Gudang Garam,Jember,107131
13/11/2018,Besuki Na Oogst,Gudang Garam,Jember,94467
14/11/2018,Besuki Na Oogst,Gudang Garam,Jember,125631
15/11/2018,Besuki Na Oogst,Gudang Garam,Jember,116399
16/11/2018,Besuki Na Oogst,Gudang Garam,Jember,94159
17/11/2018,Besuki Na Oogst,Gudang Garam,Jember,144264
18/11/2018,Besuki Na Oogst,Gudang Garam,Jember,108175
19/11/2018,Besuki Na Oogst,Gudang Garam,Jember,120461
20/11/2018,Besuki Na Oogst,Gudang Garam,Jember,114093
21/11/2018,Besuki Na Oogst,Gudang Garam,Jember,138794
22/11/2018,Besuki Na Oogst,Gudang Garam,Jember,132372
23/11/2018,Besuki Na Oogst,Gudang Garam,Jember,147889
24/11/2018,Besuki Na Oogst,Gudang Garam,Jember,108353
25/11/2018,Besuki Na Oogst,Gudang Garam,Jember,96642
26/11/2018,Besuki Na Oogst,Gudang Garam,Jember,145010
27/11/2018,Besuki Na Oogst,Gudang Garam,Jember,135588
28/11/2018,Besuki Na Oogst,Gudang Garam,Jember,134782
29/11/2018,Besuki Na Oogst,Gudang Garam,Jember,101185
30/11/2018,Besuki Na Oogst,Gudang Garam,Jember,128578
01/12/2018,Besuki Na Oogst,Gudang Garam,Jember,144361
02/12/2018,Besuki Na Oogst,Gudang Garam,Jember,103787
03/12/2018,Besuki Na Oogst,Gudang Garam,Jember,137441
04/12/2018,Besuki Na Oogst,Gudang Garam,Jember,92533
05/12/2018,Besuki Na Oogst,Gudang Garam,Jember,119674
06/12/2018,Besuki Na Oogst,Gudang Garam,Jember,113757
07/12/2018,Besuki Na Oogst,Gudang Garam,Jember,106413
08/12/2018,Besuki Na Oogst,Gudang Garam,Jember,93930
09/12/2018,Besuki Na Oogst,Gudang Garam,Jember,107188
10/12/2018,Besuki Na Oogst,Gudang Garam,Jember,126644
11/12/2018,Besuki Na Oogst,Gudang Garam,Jember,101496
12/12/2018,Besuki Na Oogst,Gudang Garam,Jember,95840
13/12/2018,Besuki Na Oogst,Gudang Garam,Jember,95515
14/12/2018,Besuki Na Oogst,Gudang Garam,Jember,95661
15/12/2018,Besuki Na Oogst,Gudang Garam,Jember,90637
16/12/2018,Besuki Na Oogst,Gudang Garam,Jember,103538
17/12/2018,Besuki Na Oogst,Gudang Garam,Jember,143758
18/12/2018,Besuki Na Oogst,Gudang Garam,Jember,149637
19/12/2018,Besuki Na Oogst,Gudang Garam,Jember,90497
20/12/2018,Besuki Na Oogst,Gudang Garam,Jember,115502
21/12/2018,Besuki Na Oogst,Gudang Garam,Jember,100504
22/12/2018,Besuki Na Oogst,Gudang Garam,Jember,111178
23/12/2018,Besuki Na Oogst,Gudang Garam,Jember,92638
24/12/2018,Besuki Na Oogst,Gudang Garam,Jember,123911
25/12/2018,Besuki Na Oogst,Gudang Garam,Jember,102890
26/12/2018,Besuki Na Oogst,Gudang Garam,Jember,111242
27/12/2018,Besuki Na Oogst,Gudang Garam,Jember,95760
28/12/2018,Besuki Na Oogst,Gudang Garam,Jember,115770
29/12/2018,Besuki Na Oogst,Gudang Garam,Jember,138329
30/12/2018,Besuki Na Oogst,Gudang Garam,Jember,136192
31/12/2018,Besuki Na Oogst,Gudang Garam,Jember,122985
01/01/2021,Besuki Na Oogst,Gudang Garam,Jember,131229
02/01/2021,Besuki Na Oogst,Gudang Garam,Jember,144955
03/01/2021,Besuki Na Oogst,Gudang Garam,Jember,150153
04/01/2021,Besuki Na Oogst,Gudang Garam,Jember,99995
05/01/2021,Besuki Na Oogst,Gudang Garam,Jember,110182
06/01/2021,Besuki Na Oogst,Gudang Garam,Jember,95057
07/01/2021,Besuki Na Oogst,Gudang Garam,Jember,135513
08/01/2021,Besuki Na Oogst,Gudang Garam,Jember,126702
09/01/2021,Besuki Na Oogst,Gudang Garam,Jember,102561
10/01/2021,Besuki Na Oogst,Gudang Garam,Jember,147180
11/01/2021,Besuki Na Oogst,Gudang Garam,Jember,126684
12/01/2021,Besuki Na Oogst,Gudang Garam,Jember,108815
13/01/2021,Besuki Na Oogst,Gudang Garam,Jember,126680
14/01/2021,Besuki Na Oogst,Gudang Garam,Jember,119913
15/01/2021,Besuki Na Oogst,Gudang Garam,Jember,118824
16/01/2021,Besuki Na Oogst,Gudang Garam,Jember,89735
17/01/2021,Besuki Na Oogst,Gudang Garam,Jember,133127
18/01/2021,Besuki Na Oogst,Gudang Garam,Jember,113716
19/01/2021,Besuki Na Oogst,Gudang Garam,Jember,111820
20/01/2021,Besuki Na Oogst,Gudang Garam,Jember,127634
21/01/2021,Besuki Na Oogst,Gudang Garam,Jember,114423
22/01/2021,Besuki Na Oogst,Gudang Garam,Jember,101144
23/01/2021,Besuki Na Oogst,Gudang Garam,Jember,106337
24/01/2021,Besuki Na Oogst,Gudang Garam,Jember,95218
25/01/2021,Besuki Na Oogst,Gudang Garam,Jember,117181
26/01/2021,Besuki Na Oogst,Gudang Garam,Jember,145504
27/01/2021,Besuki Na Oogst,Gudang Garam,Jember,100893
28/01/2021,Besuki Na Oogst,Gudang Garam,Jember,147848
29/01/2021,Besuki Na Oogst,Gudang Garam,Jember,154573
30/01/2021,Besuki Na Oogst,Gudang Garam,Jember,98625
31/01/2021,Besuki Na Oogst,Gudang Garam,Jember,120597
01/02/2021,Besuki Na Oogst,Gudang Garam,Jember,95024
02/02/2021,Besuki Na Oogst,Gudang Garam,Jember,104833
03/02/2021,Besuki Na Oogst,Gudang Garam,Jember,123270
04/02/2021,Besuki Na Oogst,Gudang Garam,Jember,87310
05/02/2021,Besuki Na Oogst,Gudang Garam,Jember,100383
06/02/2021,Besuki Na Oogst,Gudang Garam,Jember,129808
07/02/2021,Besuki Na Oogst,Gudang Garam,Jember,97662
08/02/2021,Besuki Na Oogst,Gudang Garam,Jember,86389
09/02/2021,Besuki Na Oogst,Gudang Garam,Jember,151103
10/02/2021,Besuki Na Oogst,Gudang Garam,Jember,91383
11/02/2021,Besuki Na Oogst,Gudang Garam,Jember,146457
12/02/2021,Besuki Na Oogst,Gudang Garam,Jember,95728
13/02/2021,Besuki Na Oogst,Gudang Garam,Jember,106543
14/02/2021,Besuki Na Oogst,Gudang Garam,Jember,93051
15/02/2021,Besuki Na Oogst,Gudang Garam,Jember,150032
16/02/2021,Besuki Na Oogst,Gudang Garam,Jember,101354
17/02/2021,Besuki Na Oogst,Gudang Garam,Jember,148409
18/02/2021,Besuki Na Oogst,Gudang Garam,Jember,146796
19/02/2021,Besuki Na Oogst,Gudang Garam,Jember,136786
20/02/2021,Besuki Na Oogst,Gudang Garam,Jember,147566
21/02/2021,Besuki Na Oogst,Gudang Garam,Jember,93569
22/02/2021,Besuki Na Oogst,Gudang Garam,Jember,140282
23/02/2021,Besuki Na Oogst,Gudang Garam,Jember,96939
24/02/2021,Besuki Na Oogst,Gudang Garam,Jember,120890
25/02/2021,Besuki Na Oogst,Gudang Garam,Jember,112476
26/02/2021,Besuki Na Oogst,Gudang Garam,Jember,93836
27/02/2021,Besuki Na Oogst,Gudang Garam,Jember,89515
28/02/2021,Besuki Na Oogst,Gudang Garam,Jember,129912
01/03/2021,Besuki Na Oogst,Gudang Garam,Jember,151118
02/03/2021,Besuki Na Oogst,Gudang Garam,Jember,113656
03/03/2021,Besuki Na Oogst,Gudang Garam,Jember,127759
04/03/2021,Besuki Na Oogst,Gudang Garam,Jember,149185
05/03/2021,Besuki Na Oogst,Gudang Garam,Jember,99396
06/03/2021,Besuki Na Oogst,Gudang Garam,Jember,145778
07/03/2021,Besuki Na Oogst,Gudang Garam,Jember,117093
08/03/2021,Besuki Na Oogst,Gudang Garam,Jember,124715
09/03/2021,Besuki Na Oogst,Gudang Garam,Jember,133497
10/03/2021,Besuki Na Oogst,Gudang Garam,Jember,124716
11/03/2021,Besuki Na Oogst,Gudang Garam,Jember,97731
12/03/2021,Besuki Na Oogst,Gudang Garam,Jember,149204
13/03/2021,Besuki Na Oogst,Gudang Garam,Jember,104158
14/03/2021,Besuki Na Oogst,Gudang Garam,Jember,143552
15/03/2021,Besuki Na Oogst,Gudang Garam,Jember,128271
16/03/2021,Besuki Na Oogst,Gudang Garam,Jember,122519
17/03/2021,Besuki Na Oogst,Gudang Garam,Jember,129035
18/03/2021,Besuki Na Oogst,Gudang Garam,Jember,95557
19/03/2021,Besuki Na Oogst,Gudang Garam,Jember,129588
20/03/2021,Besuki Na Oogst,Gudang Garam,Jember,104551
21/03/2021,Besuki Na Oogst,Gudang Garam,Jember,148397
22/03/2021,Besuki Na Oogst,Gudang Garam,Jember,132492
23/03/2021,Besuki Na Oogst,Gudang Garam,Jember,147598
24/03/2021,Besuki Na Oogst,Gudang Garam,Jember,142086
25/03/2021,Besuki Na Oogst,Gudang Garam,Jember,129227
26/03/2021,Besuki Na Oogst,Gudang Garam,Jember,109071
27/03/2021,Besuki Na Oogst,Gudang Garam,Jember,142176
28/03/2021,Besuki Na Oogst,Gudang Garam,Jember,111259
29/03/2021,Besuki Na Oogst,Gudang Garam,Jember,112223
30/03/2021,Besuki Na Oogst,Gudang Garam,Jember,90962
31/03/2021,Besuki Na Oogst,Gudang Garam,Jember,124349
01/04/2021,Besuki Na Oogst,Gudang Garam,Jember,130481
02/04/2021,Besuki Na Oogst,Gudang Garam,Jember,112851
03/04/2021,Besuki Na Oogst,Gudang Garam,Jember,151927
04/04/2021,Besuki Na Oogst,Gudang Garam,Jember,146404
05/04/2021,Besuki Na Oogst,Gudang Garam,Jember,88624
06/04/2021,Besuki Na Oogst,Gudang Garam,Jember,121489
07/04/2021,Besuki Na Oogst,Gudang Garam,Jember,90740
08/04/2021,Besuki Na Oogst,Gudang Garam,Jember,110966
09/04/2021,Besuki Na Oogst,Gudang Garam,Jember,154598
10/04/2021,Besuki Na Oogst,Gudang Garam,Jember,122492
11/04/2021,Besuki Na Oogst,Gudang Garam,Jember,94386
12/04/2021,Besuki Na Oogst,Gudang Garam,Jember,95369
13/04/2021,Besuki Na Oogst,Gudang Garam,Jember,139230
14/04/2021,Besuki Na Oogst,Gudang Garam,Jember,92010
15/04/2021,Besuki Na Oogst,Gudang Garam,Jember,122330
16/04/2021,Besuki Na Oogst,Gudang Garam,Jember,101515
17/04/2021,Besuki Na Oogst,Gudang Garam,Jember,138460
18/04/2021,Besuki Na Oogst,Gudang Garam,Jember,112699
19/04/2021,Besuki Na Oogst,Gudang Garam,Jember,117008
20/04/2021,Besuki Na Oogst,Gudang Garam,Jember,111766
21/04/2021,Besuki Na Oogst,Gudang Garam,Jember,132422
22/04/2021,Besuki Na Oogst,Gudang Garam,Jember,111922
23/04/2021,Besuki Na Oogst,Gudang Garam,Jember,138332
24/04/2021,Besuki Na Oogst,Gudang Garam,Jember,110444
25/04/2021,Besuki Na Oogst,Gudang Garam,Jember,119512
26/04/2021,Besuki Na Oogst,Gudang Garam,Jember,110339
27/04/2021,Besuki Na Oogst,Gudang Garam,Jember,90002
28/04/2021,Besuki Na Oogst,Gudang Garam,Jember,138423
29/04/2021,Besuki Na Oogst,Gudang Garam,Jember,113100
30/04/2021,Besuki Na Oogst,Gudang Garam,Jember,104920
01/05/2021,Besuki Na Oogst,Gudang Garam,Jember,147982
02/05/2021,Besuki Na Oogst,Gudang Garam,Jember,91456
03/05/2021,Besuki Na Oogst,Gudang Garam,Jember,111458
04/05/2021,Besuki Na Oogst,Gudang Garam,Jember,126735
05/05/2021,Besuki Na Oogst,Gudang Garam,Jember,96803
06/05/2021,Besuki Na Oogst,Gudang Garam,Jember,107026
07/05/2021,Besuki Na Oogst,Gudang Garam,Jember,142089
08/05/2021,Besuki Na Oogst,Gudang Garam,Jember,117512
09/05/2021,Besuki Na Oogst,Gudang Garam,Jember,118546
10/05/2021,Besuki Na Oogst,Gudang Garam,Jember,130100
11/05/2021,Besuki Na Oogst,Gudang Garam,Jember,130159
12/05/2021,Besuki Na Oogst,Gudang Garam,Jember,140768
13/05/2021,Besuki Na Oogst,Gudang Garam,Jember,92682
14/05/2021,Besuki Na Oogst,Gudang Garam,Jember,119499
15/05/2021,Besuki Na Oogst,Gudang Garam,Jember,136202
16/05/2021,Besuki Na Oogst,Gudang Garam,Jember,140687
17/05/2021,Besuki Na Oogst,Gudang Garam,Jember,95567
18/05/2021,Besuki Na Oogst,Gudang Garam,Jember,125767
19/05/2021,Besuki Na Oogst,Gudang Garam,Jember,151060
20/05/2021,Besuki Na Oogst,Gudang Garam,Jember,139582
21/05/2021,Besuki Na Oogst,Gudang Garam,Jember,141378
22/05/2021,Besuki Na Oogst,Gudang Garam,Jember,105829
23/05/2021,Besuki Na Oogst,Gudang Garam,Jember,110291
24/05/2021,Besuki Na Oogst,Gudang Garam,Jember,94182
25/05/2021,Besuki Na Oogst,Gudang Garam,Jember,150566
26/05/2021,Besuki Na Oogst,Gudang Garam,Jember,136603
27/05/2021,Besuki Na Oogst,Gudang Garam,Jember,131566
28/05/2021,Besuki Na Oogst,Gudang Garam,Jember,121930
29/05/2021,Besuki Na Oogst,Gudang Garam,Jember,135856
30/05/2021,Besuki Na Oogst,Gudang Garam,Jember,99878
31/05/2021,Besuki Na Oogst,Gudang Garam,Jember,122084
01/06/2021,Besuki Na Oogst,Gudang Garam,Jember,100907
02/06/2021,Besuki Na Oogst,Gudang Garam,Jember,145543
03/06/2021,Besuki Na Oogst,Gudang Garam,Jember,117765
04/06/2021,Besuki Na Oogst,Gudang Garam,Jember,103555
05/06/2021,Besuki Na Oogst,Gudang Garam,Jember,94038
06/06/2021,Besuki Na Oogst,Gudang Garam,Jember,93768
07/06/2021,Besuki Na Oogst,Gudang Garam,Jember,98157
08/06/2021,Besuki Na Oogst,Gudang Garam,Jember,133493
09/06/2021,Besuki Na Oogst,Gudang Garam,Jember,109859
10/06/2021,Besuki Na Oogst,Gudang Garam,Jember,121051
11/06/2021,Besuki Na Oogst,Gudang Garam,Jember,94891
12/06/2021,Besuki Na Oogst,Gudang Garam,Jember,103272
13/06/2021,Besuki Na Oogst,Gudang Garam,Jember,140939
14/06/2021,Besuki Na Oogst,Gudang Garam,Jember,126250
15/06/2021,Besuki Na Oogst,Gudang Garam,Jember,94795
16/06/2021,Besuki Na Oogst,Gudang Garam,Jember,126901
17/06/2021,Besuki Na Oogst,Gudang Garam,Jember,131951
18/06/2021,Besuki Na Oogst,Gudang Garam,Jember,105825
19/06/2021,Besuki Na Oogst,Gudang Garam,Jember,118889
20/06/2021,Besuki Na Oogst,Gudang Garam,Jember,146022
21/06/2021,Besuki Na Oogst,Gudang Garam,Jember,106813
22/06/2021,Besuki Na Oogst,Gudang Garam,Jember,94368
23/06/2021,Besuki Na Oogst,Gudang Garam,Jember,128767
24/06/2021,Besuki Na Oogst,Gudang Garam,Jember,115558
25/06/2021,Besuki Na Oogst,Gudang Garam,Jember,90794
26/06/2021,Besuki Na Oogst,Gudang Garam,Jember,132447
27/06/2021,Besuki Na Oogst,Gudang Garam,Jember,109316
28/06/2021,Besuki Na Oogst,Gudang Garam,Jember,144928
29/06/2021,Besuki Na Oogst,Gudang Garam,Jember,99537
30/06/2021,Besuki Na Oogst,Gudang Garam,Jember,117604
01/07/2021,Besuki Na Oogst,Gudang Garam,Jember,138591
02/07/2021,Besuki Na Oogst,Gudang Garam,Jember,122784
03/07/2021,Besuki Na Oogst,Gudang Garam,Jember,94804
04/07/2021,Besuki Na Oogst,Gudang Garam,Jember,118787
05/07/2021,Besuki Na Oogst,Gudang Garam,Jember,85378
06/07/2021,Besuki Na Oogst,Gudang Garam,Jember,154801
07/07/2021,Besuki Na Oogst,Gudang Garam,Jember,102532
08/07/2021,Besuki Na Oogst,Gudang Garam,Jember,124792
09/07/2021,Besuki Na Oogst,Gudang Garam,Jember,121318
10/07/2021,Besuki Na Oogst,Gudang Garam,Jember,110958
11/07/2021,Besuki Na Oogst,Gudang Garam,Jember,141751
12/07/2021,Besuki Na Oogst,Gudang Garam,Jember,141236
13/07/2021,Besuki Na Oogst,Gudang Garam,Jember,144929
14/07/2021,Besuki Na Oogst,Gudang Garam,Jember,100343
15/07/2021,Besuki Na Oogst,Gudang Garam,Jember,143017
16/07/2021,Besuki Na Oogst,Gudang Garam,Jember,94890
17/07/2021,Besuki Na Oogst,Gudang Garam,Jember,99417
18/07/2021,Besuki Na Oogst,Gudang Garam,Jember,120366
19/07/2021,Besuki Na Oogst,Gudang Garam,Jember,95947
20/07/2021,Besuki Na Oogst,Gudang Garam,Jember,134482
21/07/2021,Besuki Na Oogst,Gudang Garam,Jember,103116
22/07/2021,Besuki Na Oogst,Gudang Garam,Jember,107042
23/07/2021,Besuki Na Oogst,Gudang Garam,Jember,140392
24/07/2021,Besuki Na Oogst,Gudang Garam,Jember,112293
25/07/2021,Besuki Na Oogst,Gudang Garam,Jember,152276
26/07/2021,Besuki Na Oogst,Gudang Garam,Jember,109074
27/07/2021,Besuki Na Oogst,Gudang Garam,Jember,153148
28/07/2021,Besuki Na Oogst,Gudang Garam,Jember,116407
29/07/2021,Besuki Na Oogst,Gudang Garam,Jember,89853
30/07/2021,Besuki Na Oogst,Gudang Garam,Jember,147744
31/07/2021,Besuki Na Oogst,Gudang Garam,Jember,112771
01/08/2021,Besuki Na Oogst,Gudang Garam,Jember,108574
02/08/2021,Besuki Na Oogst,Gudang Garam,Jember,119050
03/08/2021,Besuki Na Oogst,Gudang Garam,Jember,119001
04/08/2021,Besuki Na Oogst,Gudang Garam,Jember,111152
05/08/2021,Besuki Na Oogst,Gudang Garam,Jember,140949
06/08/2021,Besuki Na Oogst,Gudang Garam,Jember,153105
07/08/2021,Besuki Na Oogst,Gudang Garam,Jember,96910
08/08/2021,Besuki Na Oogst,Gudang Garam,Jember,153105
09/08/2021,Besuki Na Oogst,Gudang Garam,Jember,141366
10/08/2021,Besuki Na Oogst,Gudang Garam,Jember,129813
11/08/2021,Besuki Na Oogst,Gudang Garam,Jember,108727
12/08/2021,Besuki Na Oogst,Gudang Garam,Jember,127139
13/08/2021,Besuki Na Oogst,Gudang Garam,Jember,139771
14/08/2021,Besuki Na Oogst,Gudang Garam,Jember,119623
15/08/2021,Besuki Na Oogst,Gudang Garam,Jember,92468
16/08/2021,Besuki Na Oogst,Gudang Garam,Jember,141824
17/08/2021,Besuki Na Oogst,Gudang Garam,Jember,138044
18/08/2021,Besuki Na Oogst,Gudang Garam,Jember,115597
19/08/2021,Besuki Na Oogst,Gudang Garam,Jember,154511
20/08/2021,Besuki Na Oogst,Gudang Garam,Jember,130661
21/08/2021,Besuki Na Oogst,Gudang Garam,Jember,102583
22/08/2021,Besuki Na Oogst,Gudang Garam,Jember,109289
23/08/2021,Besuki Na Oogst,Gudang Garam,Jember,118239
24/08/2021,Besuki Na Oogst,Gudang Garam,Jember,132090
25/08/2021,Besuki Na Oogst,Gudang Garam,Jember,100214
26/08/2021,Besuki Na Oogst,Gudang Garam,Jember,147464
27/08/2021,Besuki Na Oogst,Gudang Garam,Jember,150077
28/08/2021,Besuki Na Oogst,Gudang Garam,Jember,86753
29/08/2021,Besuki Na Oogst,Gudang Garam,Jember,113306
30/08/2021,Besuki Na Oogst,Gudang Garam,Jember,108887
31/08/2021,Besuki Na Oogst,Gudang Garam,Jember,127398
01/09/2021,Besuki Na Oogst,Gudang Garam,Jember,104937
02/09/2021,Besuki Na Oogst,Gudang Garam,Jember,123985
03/09/2021,Besuki Na Oogst,Gudang Garam,Jember,120001
04/09/2021,Besuki Na Oogst,Gudang Garam,Jember,138888
05/09/2021,Besuki Na Oogst,Gudang Garam,Jember,125220
06/09/2021,Besuki Na Oogst,Gudang Garam,Jember,102922
07/09/2021,Besuki Na Oogst,Gudang Garam,Jember,92717
08/09/2021,Besuki Na Oogst,Gudang Garam,Jember,97810
09/09/2021,Besuki Na Oogst,Gudang Garam,Jember,95826
10/09/2021,Besuki Na Oogst,Gudang Garam,Jember,104529
11/09/2021,Besuki Na Oogst,Gudang Garam,Jember,149711
12/09/2021,Besuki Na Oogst,Gudang Garam,Jember,95138
13/09/2021,Besuki Na Oogst,Gudang Garam,Jember,146367
14/09/2021,Besuki Na Oogst,Gudang Garam,Jember,123148
15/09/2021,Besuki Na Oogst,Gudang Garam,Jember,90443
16/09/2021,Besuki Na Oogst,Gudang Garam,Jember,135435
17/09/2021,Besuki Na Oogst,Gudang Garam,Jember,138384
18/09/2021,Besuki Na Oogst,Gudang Garam,Jember,146298
19/09/2021,Besuki Na Oogst,Gudang Garam,Jember,96810
20/09/2021,Besuki Na Oogst,Gudang Garam,Jember,148076
21/09/2021,Besuki Na Oogst,Gudang Garam,Jember,152690
22/09/2021,Besuki Na Oogst,Gudang Garam,Jember,132686
23/09/2021,Besuki Na Oogst,Gudang Garam,Jember,91153
24/09/2021,Besuki Na Oogst,Gudang Garam,Jember,153758
25/09/2021,Besuki Na Oogst,Gudang Garam,Jember,90559
26/09/2021,Besuki Na Oogst,Gudang Garam,Jember,135721
27/09/2021,Besuki Na Oogst,Gudang Garam,Jember,134332
28/09/2021,Besuki Na Oogst,Gudang Garam,Jember,95000
29/09/2021,Besuki Na Oogst,Gudang Garam,Jember,145439
30/09/2021,Besuki Na Oogst,Gudang Garam,Jember,137918
01/10/2021,Besuki Na Oogst,Gudang Garam,Jember,90486
02/10/2021,Besuki Na Oogst,Gudang Garam,Jember,148156
03/10/2021,Besuki Na Oogst,Gudang Garam,Jember,145841
04/10/2021,Besuki Na Oogst,Gudang Garam,Jember,123730
05/10/2021,Besuki Na Oogst,Gudang Garam,Jember,140994
06/10/2021,Besuki Na Oogst,Gudang Garam,Jember,115889
07/10/2021,Besuki Na Oogst,Gudang Garam,Jember,92144
08/10/2021,Besuki Na Oogst,Gudang Garam,Jember,87306
09/10/2021,Besuki Na Oogst,Gudang Garam,Jember,148024
10/10/2021,Besuki Na Oogst,Gudang Garam,Jember,102925
11/10/2021,Besuki Na Oogst,Gudang Garam,Jember,103079
12/10/2021,Besuki Na Oogst,Gudang Garam,Jember,87480
13/10/2021,Besuki Na Oogst,Gudang Garam,Jember,122579
14/10/2021,Besuki Na Oogst,Gudang Garam,Jember,136142
15/10/2021,Besuki Na Oogst,Gudang Garam,Jember,126077
16/10/2021,Besuki Na Oogst,Gudang Garam,Jember,101156
17/10/2021,Besuki Na Oogst,Gudang Garam,Jember,122208
18/10/2021,Besuki Na Oogst,Gudang Garam,Jember,143041
19/10/2021,Besuki Na Oogst,Gudang Garam,Jember,119715
20/10/2021,Besuki Na Oogst,Gudang Garam,Jember,128993
21/10/2021,Besuki Na Oogst,Gudang Garam,Jember,148764
22/10/2021,Besuki Na Oogst,Gudang Garam,Jember,108922
23/10/2021,Besuki Na Oogst,Gudang Garam,Jember,151566
24/10/2021,Besuki Na Oogst,Gudang Garam,Jember,126190
25/10/2021,Besuki Na Oogst,Gudang Garam,Jember,152823
26/10/2021,Besuki Na Oogst,Gudang Garam,Jember,98518
27/10/2021,Besuki Na Oogst,Gudang Garam,Jember,135962
28/10/2021,Besuki Na Oogst,Gudang Garam,Jember,149912
29/10/2021,Besuki Na Oogst,Gudang Garam,Jember,98281
30/10/2021,Besuki Na Oogst,Gudang Garam,Jember,118612
31/10/2021,Besuki Na Oogst,Gudang Garam,Jember,113216
01/11/2021,Besuki Na Oogst,Gudang Garam,Jember,96194
02/11/2021,Besuki Na Oogst,Gudang Garam,Jember,134430
03/11/2021,Besuki Na Oogst,Gudang Garam,Jember,109922
04/11/2021,Besuki Na Oogst,Gudang Garam,Jember,147735
05/11/2021,Besuki Na Oogst,Gudang Garam,Jember,98166
06/11/2021,Besuki Na Oogst,Gudang Garam,Jember,113981
07/11/2021,Besuki Na Oogst,Gudang Garam,Jember,114635
08/11/2021,Besuki Na Oogst,Gudang Garam,Jember,130776
09/11/2021,Besuki Na Oogst,Gudang Garam,Jember,104354
10/11/2021,Besuki Na Oogst,Gudang Garam,Jember,99260
11/11/2021,Besuki Na Oogst,Gudang Garam,Jember,128625
12/11/2021,Besuki Na Oogst,Gudang Garam,Jember,86744
13/11/2021,Besuki Na Oogst,Gudang Garam,Jember,154527
14/11/2021,Besuki Na Oogst,Gudang Garam,Jember,100409
15/11/2021,Besuki Na Oogst,Gudang Garam,Jember,125883
16/11/2021,Besuki Na Oogst,Gudang Garam,Jember,150669
17/11/2021,Besuki Na Oogst,Gudang Garam,Jember,133796
18/11/2021,Besuki Na Oogst,Gudang Garam,Jember,126312
19/11/2021,Besuki Na Oogst,Gudang Garam,Jember,146559
20/11/2021,Besuki Na Oogst,Gudang Garam,Jember,154040
21/11/2021,Besuki Na Oogst,Gudang Garam,Jember,119905
22/11/2021,Besuki Na Oogst,Gudang Garam,Jember,95479
23/11/2021,Besuki Na Oogst,Gudang Garam,Jember,143301
24/11/2021,Besuki Na Oogst,Gudang Garam,Jember,96747
25/11/2021,Besuki Na Oogst,Gudang Garam,Jember,96566
26/11/2021,Besuki Na Oogst,Gudang Garam,Jember,102867
27/11/2021,Besuki Na Oogst,Gudang Garam,Jember,108268
28/11/2021,Besuki Na Oogst,Gudang Garam,Jember,148779
29/11/2021,Besuki Na Oogst,Gudang Garam,Jember,142005
30/11/2021,Besuki Na Oogst,Gudang Garam,Jember,115662
01/12/2021,Besuki Na Oogst,Gudang Garam,Jember,142176
02/12/2021,Besuki Na Oogst,Gudang Garam,Jember,118101
03/12/2021,Besuki Na Oogst,Gudang Garam,Jember,90372
04/12/2021,Besuki Na Oogst,Gudang Garam,Jember,100657
05/12/2021,Besuki Na Oogst,Gudang Garam,Jember,145249
06/12/2021,Besuki Na Oogst,Gudang Garam,Jember,89260
07/12/2021,Besuki Na Oogst,Gudang Garam,Jember,138068
08/12/2021,Besuki Na Oogst,Gudang Garam,Jember,154911
09/12/2021,Besuki Na Oogst,Gudang Garam,Jember,126444
10/12/2021,Besuki Na Oogst,Gudang Garam,Jember,130268
11/12/2021,Besuki Na Oogst,Gudang Garam,Jember,151450
12/12/2021,Besuki Na Oogst,Gudang Garam,Jember,101314
13/12/2021,Besuki Na Oogst,Gudang Garam,Jember,117883
14/12/2021,Besuki Na Oogst,Gudang Garam,Jember,119872
15/12/2021,Besuki Na Oogst,Gudang Garam,Jember,109408
16/12/2021,Besuki Na Oogst,Gudang Garam,Jember,130009
17/12/2021,Besuki Na Oogst,Gudang Garam,Jember,122509
18/12/2021,Besuki Na Oogst,Gudang Garam,Jember,85234
19/12/2021,Besuki Na Oogst,Gudang Garam,Jember,121642
20/12/2021,Besuki Na Oogst,Gudang Garam,Jember,111266
21/12/2021,Besuki Na Oogst,Gudang Garam,Jember,121565
22/12/2021,Besuki Na Oogst,Gudang Garam,Jember,90258
23/12/2021,Besuki Na Oogst,Gudang Garam,Jember,133357
24/12/2021,Besuki Na Oogst,Gudang Garam,Jember,109982
25/12/2021,Besuki Na Oogst,Gudang Garam,Jember,87167
26/12/2021,Besuki Na Oogst,Gudang Garam,Jember,151601
27/12/2021,Besuki Na Oogst,Gudang Garam,Jember,151930
28/12/2021,Besuki Na Oogst,Gudang Garam,Jember,89107
29/12/2021,Besuki Na Oogst,Gudang Garam,Jember,154081
30/12/2021,Besuki Na Oogst,Gudang Garam,Jember,129412
31/12/2021,Besuki Na Oogst,Gudang Garam,Jember,86481
01/01/2022,Besuki Na Oogst,Gudang Garam,Jember,143547
02/01/2022,Besuki Na Oogst,Gudang Garam,Jember,123921
03/01/2022,Besuki Na Oogst,Gudang Garam,Jember,159606
04/01/2022,Besuki Na Oogst,Gudang Garam,Jember,116583
05/01/2022,Besuki Na Oogst,Gudang Garam,Jember,146410
06/01/2022,Besuki Na Oogst,Gudang Garam,Jember,141106
07/01/2022,Besuki Na Oogst,Gudang Garam,Jember,154717
08/01/2022,Besuki Na Oogst,Gudang Garam,Jember,115218
09/01/2022,Besuki Na Oogst,Gudang Garam,Jember,96956
10/01/2022,Besuki Na Oogst,Gudang Garam,Jember,111398
11/01/2022,Besuki Na Oogst,Gudang Garam,Jember,155251
12/01/2022,Besuki Na Oogst,Gudang Garam,Jember,109907
13/01/2022,Besuki Na Oogst,Gudang Garam,Jember,159460
14/01/2022,Besuki Na Oogst,Gudang Garam,Jember,157924
15/01/2022,Besuki Na Oogst,Gudang Garam,Jember,156646
16/01/2022,Besuki Na Oogst,Gudang Garam,Jember,128474
17/01/2022,Besuki Na Oogst,Gudang Garam,Jember,149163
18/01/2022,Besuki Na Oogst,Gudang Garam,Jember,119740
19/01/2022,Besuki Na Oogst,Gudang Garam,Jember,91408
20/01/2022,Besuki Na Oogst,Gudang Garam,Jember,108749
21/01/2022,Besuki Na Oogst,Gudang Garam,Jember,144796
22/01/2022,Besuki Na Oogst,Gudang Garam,Jember,125528
23/01/2022,Besuki Na Oogst,Gudang Garam,Jember,98571
24/01/2022,Besuki Na Oogst,Gudang Garam,Jember,119400
25/01/2022,Besuki Na Oogst,Gudang Garam,Jember,143430
26/01/2022,Besuki Na Oogst,Gudang Garam,Jember,115321
27/01/2022,Besuki Na Oogst,Gudang Garam,Jember,92833
28/01/2022,Besuki Na Oogst,Gudang Garam,Jember,144732
29/01/2022,Besuki Na Oogst,Gudang Garam,Jember,109535
30/01/2022,Besuki Na Oogst,Gudang Garam,Jember,101243
31/01/2022,Besuki Na Oogst,Gudang Garam,Jember,138204
01/02/2022,Besuki Na Oogst,Gudang Garam,Jember,123703
02/02/2022,Besuki Na Oogst,Gudang Garam,Jember,110467
03/02/2022,Besuki Na Oogst,Gudang Garam,Jember,90148
04/02/2022,Besuki Na Oogst,Gudang Garam,Jember,147971
05/02/2022,Besuki Na Oogst,Gudang Garam,Jember,120869
06/02/2022,Besuki Na Oogst,Gudang Garam,Jember,98463
07/02/2022,Besuki Na Oogst,Gudang Garam,Jember,105793
08/02/2022,Besuki Na Oogst,Gudang Garam,Jember,145521
09/02/2022,Besuki Na Oogst,Gudang Garam,Jember,93669
10/02/2022,Besuki Na Oogst,Gudang Garam,Jember,111609
11/02/2022,Besuki Na Oogst,Gudang Garam,Jember,112400
12/02/2022,Besuki Na Oogst,Gudang Garam,Jember,145522
13/02/2022,Besuki Na Oogst,Gudang Garam,Jember,128928
14/02/2022,Besuki Na Oogst,Gudang Garam,Jember,138079
15/02/2022,Besuki Na Oogst,Gudang Garam,Jember,156665
16/02/2022,Besuki Na Oogst,Gudang Garam,Jember,90768
17/02/2022,Besuki Na Oogst,Gudang Garam,Jember,100186
18/02/2022,Besuki Na Oogst,Gudang Garam,Jember,158676
19/02/2022,Besuki Na Oogst,Gudang Garam,Jember,119267
20/02/2022,Besuki Na Oogst,Gudang Garam,Jember,139761
21/02/2022,Besuki Na Oogst,Gudang Garam,Jember,103122
22/02/2022,Besuki Na Oogst,Gudang Garam,Jember,91663
23/02/2022,Besuki Na Oogst,Gudang Garam,Jember,96857
24/02/2022,Besuki Na Oogst,Gudang Garam,Jember,101642
25/02/2022,Besuki Na Oogst,Gudang Garam,Jember,117254
26/02/2022,Besuki Na Oogst,Gudang Garam,Jember,98707
27/02/2022,Besuki Na Oogst,Gudang Garam,Jember,102076
28/02/2022,Besuki Na Oogst,Gudang Garam,Jember,95043
01/03/2022,Besuki Na Oogst,Gudang Garam,Jember,104295
02/03/2022,Besuki Na Oogst,Gudang Garam,Jember,150194
03/03/2022,Besuki Na Oogst,Gudang Garam,Jember,138574
04/03/2022,Besuki Na Oogst,Gudang Garam,Jember,145519
05/03/2022,Besuki Na Oogst,Gudang Garam,Jember,138353
06/03/2022,Besuki Na Oogst,Gudang Garam,Jember,101176
07/03/2022,Besuki Na Oogst,Gudang Garam,Jember,131047
08/03/2022,Besuki Na Oogst,Gudang Garam,Jember,124453
09/03/2022,Besuki Na Oogst,Gudang Garam,Jember,110151
10/03/2022,Besuki Na Oogst,Gudang Garam,Jember,123460
11/03/2022,Besuki Na Oogst,Gudang Garam,Jember,102658
12/03/2022,Besuki Na Oogst,Gudang Garam,Jember,133397
13/03/2022,Besuki Na Oogst,Gudang Garam,Jember,152734
14/03/2022,Besuki Na Oogst,Gudang Garam,Jember,158673
15/03/2022,Besuki Na Oogst,Gudang Garam,Jember,126954
16/03/2022,Besuki Na Oogst,Gudang Garam,Jember,120486
17/03/2022,Besuki Na Oogst,Gudang Garam,Jember,143090
18/03/2022,Besuki Na Oogst,Gudang Garam,Jember,101053
19/03/2022,Besuki Na Oogst,Gudang Garam,Jember,108893
20/03/2022,Besuki Na Oogst,Gudang Garam,Jember,130730
21/03/2022,Besuki Na Oogst,Gudang Garam,Jember,97459
22/03/2022,Besuki Na Oogst,Gudang Garam,Jember,118966
23/03/2022,Besuki Na Oogst,Gudang Garam,Jember,93069
24/03/2022,Besuki Na Oogst,Gudang Garam,Jember,158154
25/03/2022,Besuki Na Oogst,Gudang Garam,Jember,125604
26/03/2022,Besuki Na Oogst,Gudang Garam,Jember,129889
27/03/2022,Besuki Na Oogst,Gudang Garam,Jember,116106
28/03/2022,Besuki Na Oogst,Gudang Garam,Jember,120098
29/03/2022,Besuki Na Oogst,Gudang Garam,Jember,125902
30/03/2022,Besuki Na Oogst,Gudang Garam,Jember,112679
31/03/2022,Besuki Na Oogst,Gudang Garam,Jember,106828
01/04/2022,Besuki Na Oogst,Gudang Garam,Jember,108872
02/04/2022,Besuki Na Oogst,Gudang Garam,Jember,92264
03/04/2022,Besuki Na Oogst,Gudang Garam,Jember,97452
04/04/2022,Besuki Na Oogst,Gudang Garam,Jember,109652
05/04/2022,Besuki Na Oogst,Gudang Garam,Jember,93256
06/04/2022,Besuki Na Oogst,Gudang Garam,Jember,140372
07/04/2022,Besuki Na Oogst,Gudang Garam,Jember,157698
08/04/2022,Besuki Na Oogst,Gudang Garam,Jember,116483
09/04/2022,Besuki Na Oogst,Gudang Garam,Jember,148211
10/04/2022,Besuki Na Oogst,Gudang Garam,Jember,131540
11/04/2022,Besuki Na Oogst,Gudang Garam,Jember,109802
12/04/2022,Besuki Na Oogst,Gudang Garam,Jember,105086
13/04/2022,Besuki Na Oogst,Gudang Garam,Jember,103174
14/04/2022,Besuki Na Oogst,Gudang Garam,Jember,145808
15/04/2022,Besuki Na Oogst,Gudang Garam,Jember,127424
16/04/2022,Besuki Na Oogst,Gudang Garam,Jember,99611
17/04/2022,Besuki Na Oogst,Gudang Garam,Jember,147556
18/04/2022,Besuki Na Oogst,Gudang Garam,Jember,97569
19/04/2022,Besuki Na Oogst,Gudang Garam,Jember,108690
20/04/2022,Besuki Na Oogst,Gudang Garam,Jember,141444
21/04/2022,Besuki Na Oogst,Gudang Garam,Jember,112291
22/04/2022,Besuki Na Oogst,Gudang Garam,Jember,156181
23/04/2022,Besuki Na Oogst,Gudang Garam,Jember,156390
24/04/2022,Besuki Na Oogst,Gudang Garam,Jember,139269
25/04/2022,Besuki Na Oogst,Gudang Garam,Jember,111526
26/04/2022,Besuki Na Oogst,Gudang Garam,Jember,158604
27/04/2022,Besuki Na Oogst,Gudang Garam,Jember,91979
28/04/2022,Besuki Na Oogst,Gudang Garam,Jember,140466
29/04/2022,Besuki Na Oogst,Gudang Garam,Jember,117809
30/04/2022,Besuki Na Oogst,Gudang Garam,Jember,150058
01/05/2022,Besuki Na Oogst,Gudang Garam,Jember,128738
02/05/2022,Besuki Na Oogst,Gudang Garam,Jember,106232
03/05/2022,Besuki Na Oogst,Gudang Garam,Jember,136619
04/05/2022,Besuki Na Oogst,Gudang Garam,Jember,128391
05/05/2022,Besuki Na Oogst,Gudang Garam,Jember,104822
06/05/2022,Besuki Na Oogst,Gudang Garam,Jember,99867
07/05/2022,Besuki Na Oogst,Gudang Garam,Jember,102889
08/05/2022,Besuki Na Oogst,Gudang Garam,Jember,106446
09/05/2022,Besuki Na Oogst,Gudang Garam,Jember,115134
10/05/2022,Besuki Na Oogst,Gudang Garam,Jember,148480
11/05/2022,Besuki Na Oogst,Gudang Garam,Jember,128046
12/05/2022,Besuki Na Oogst,Gudang Garam,Jember,137380
13/05/2022,Besuki Na Oogst,Gudang Garam,Jember,122025
14/05/2022,Besuki Na Oogst,Gudang Garam,Jember,126744
15/05/2022,Besuki Na Oogst,Gudang Garam,Jember,157023
16/05/2022,Besuki Na Oogst,Gudang Garam,Jember,125760
17/05/2022,Besuki Na Oogst,Gudang Garam,Jember,117938
18/05/2022,Besuki Na Oogst,Gudang Garam,Jember,110771
19/05/2022,Besuki Na Oogst,Gudang Garam,Jember,109121
20/05/2022,Besuki Na Oogst,Gudang Garam,Jember,153249
21/05/2022,Besuki Na Oogst,Gudang Garam,Jember,108934
22/05/2022,Besuki Na Oogst,Gudang Garam,Jember,125697
23/05/2022,Besuki Na Oogst,Gudang Garam,Jember,156725
24/05/2022,Besuki Na Oogst,Gudang Garam,Jember,145847
25/05/2022,Besuki Na Oogst,Gudang Garam,Jember,101551
26/05/2022,Besuki Na Oogst,Gudang Garam,Jember,158396
27/05/2022,Besuki Na Oogst,Gudang Garam,Jember,93860
28/05/2022,Besuki Na Oogst,Gudang Garam,Jember,105656
29/05/2022,Besuki Na Oogst,Gudang Garam,Jember,108383
30/05/2022,Besuki Na Oogst,Gudang Garam,Jember,93943
31/05/2022,Besuki Na Oogst,Gudang Garam,Jember,142594
01/06/2022,Besuki Na Oogst,Gudang Garam,Jember,138517
02/06/2022,Besuki Na Oogst,Gudang Garam,Jember,150169
03/06/2022,Besuki Na Oogst,Gudang Garam,Jember,120802
04/06/2022,Besuki Na Oogst,Gudang Garam,Jember,99808
05/06/2022,Besuki Na Oogst,Gudang Garam,Jember,148644
06/06/2022,Besuki Na Oogst,Gudang Garam,Jember,137675
07/06/2022,Besuki Na Oogst,Gudang Garam,Jember,122367
08/06/2022,Besuki Na Oogst,Gudang Garam,Jember,98929
09/06/2022,Besuki Na Oogst,Gudang Garam,Jember,124950
10/06/2022,Besuki Na Oogst,Gudang Garam,Jember,116970
11/06/2022,Besuki Na Oogst,Gudang Garam,Jember,131835
12/06/2022,Besuki Na Oogst,Gudang Garam,Jember,141551
13/06/2022,Besuki Na Oogst,Gudang Garam,Jember,91816
14/06/2022,Besuki Na Oogst,Gudang Garam,Jember,132728
15/06/2022,Besuki Na Oogst,Gudang Garam,Jember,143677
16/06/2022,Besuki Na Oogst,Gudang Garam,Jember,157314
17/06/2022,Besuki Na Oogst,Gudang Garam,Jember,150825
18/06/2022,Besuki Na Oogst,Gudang Garam,Jember,139429
19/06/2022,Besuki Na Oogst,Gudang Garam,Jember,130743
20/06/2022,Besuki Na Oogst,Gudang Garam,Jember,105515
21/06/2022,Besuki Na Oogst,Gudang Garam,Jember,137771
22/06/2022,Besuki Na Oogst,Gudang Garam,Jember,152574
23/06/2022,Besuki Na Oogst,Gudang Garam,Jember,153555
24/06/2022,Besuki Na Oogst,Gudang Garam,Jember,112584
25/06/2022,Besuki Na Oogst,Gudang Garam,Jember,138958
26/06/2022,Besuki Na Oogst,Gudang Garam,Jember,121725
27/06/2022,Besuki Na Oogst,Gudang Garam,Jember,91415
28/06/2022,Besuki Na Oogst,Gudang Garam,Jember,122988
29/06/2022,Besuki Na Oogst,Gudang Garam,Jember,125006
30/06/2022,Besuki Na Oogst,Gudang Garam,Jember,104153
01/07/2022,Besuki Na Oogst,Gudang Garam,Jember,139570
02/07/2022,Besuki Na Oogst,Gudang Garam,Jember,100514
03/07/2022,Besuki Na Oogst,Gudang Garam,Jember,156169
04/07/2022,Besuki Na Oogst,Gudang Garam,Jember,133686
05/07/2022,Besuki Na Oogst,Gudang Garam,Jember,103398
06/07/2022,Besuki Na Oogst,Gudang Garam,Jember,114019
07/07/2022,Besuki Na Oogst,Gudang Garam,Jember,126066
08/07/2022,Besuki Na Oogst,Gudang Garam,Jember,121897
09/07/2022,Besuki Na Oogst,Gudang Garam,Jember,159724
10/07/2022,Besuki Na Oogst,Gudang Garam,Jember,120322
11/07/2022,Besuki Na Oogst,Gudang Garam,Jember,93925
12/07/2022,Besuki Na Oogst,Gudang Garam,Jember,95000
13/07/2022,Besuki Na Oogst,Gudang Garam,Jember,131480
14/07/2022,Besuki Na Oogst,Gudang Garam,Jember,91364
15/07/2022,Besuki Na Oogst,Gudang Garam,Jember,130923
16/07/2022,Besuki Na Oogst,Gudang Garam,Jember,125069
17/07/2022,Besuki Na Oogst,Gudang Garam,Jember,116072
18/07/2022,Besuki Na Oogst,Gudang Garam,Jember,97004
19/07/2022,Besuki Na Oogst,Gudang Garam,Jember,111416
20/07/2022,Besuki Na Oogst,Gudang Garam,Jember,126019
21/07/2022,Besuki Na Oogst,Gudang Garam,Jember,101400
22/07/2022,Besuki Na Oogst,Gudang Garam,Jember,109082
23/07/2022,Besuki Na Oogst,Gudang Garam,Jember,139613
24/07/2022,Besuki Na Oogst,Gudang Garam,Jember,125999
25/07/2022,Besuki Na Oogst,Gudang Garam,Jember,101884
26/07/2022,Besuki Na Oogst,Gudang Garam,Jember,143415
27/07/2022,Besuki Na Oogst,Gudang Garam,Jember,104308
28/07/2022,Besuki Na Oogst,Gudang Garam,Jember,97115
29/07/2022,Besuki Na Oogst,Gudang Garam,Jember,124869
30/07/2022,Besuki Na Oogst,Gudang Garam,Jember,137097
31/07/2022,Besuki Na Oogst,Gudang Garam,Jember,101459
01/08/2022,Besuki Na Oogst,Gudang Garam,Jember,138255
02/08/2022,Besuki Na Oogst,Gudang Garam,Jember,95282
03/08/2022,Besuki Na Oogst,Gudang Garam,Jember,106267
04/08/2022,Besuki Na Oogst,Gudang Garam,Jember,116449
05/08/2022,Besuki Na Oogst,Gudang Garam,Jember,99788
06/08/2022,Besuki Na Oogst,Gudang Garam,Jember,138559
07/08/2022,Besuki Na Oogst,Gudang Garam,Jember,104998
08/08/2022,Besuki Na Oogst,Gudang Garam,Jember,119858
09/08/2022,Besuki Na Oogst,Gudang Garam,Jember,108356
10/08/2022,Besuki Na Oogst,Gudang Garam,Jember,102702
11/08/2022,Besuki Na Oogst,Gudang Garam,Jember,138173
12/08/2022,Besuki Na Oogst,Gudang Garam,Jember,152267
13/08/2022,Besuki Na Oogst,Gudang Garam,Jember,146236
14/08/2022,Besuki Na Oogst,Gudang Garam,Jember,145206
15/08/2022,Besuki Na Oogst,Gudang Garam,Jember,99352
16/08/2022,Besuki Na Oogst,Gudang Garam,Jember,134936
17/08/2022,Besuki Na Oogst,Gudang Garam,Jember,143336
18/08/2022,Besuki Na Oogst,Gudang Garam,Jember,118515
19/08/2022,Besuki Na Oogst,Gudang Garam,Jember,157967
20/08/2022,Besuki Na Oogst,Gudang Garam,Jember,118167
21/08/2022,Besuki Na Oogst,Gudang Garam,Jember,97247
22/08/2022,Besuki Na Oogst,Gudang Garam,Jember,91440
23/08/2022,Besuki Na Oogst,Gudang Garam,Jember,156445
24/08/2022,Besuki Na Oogst,Gudang Garam,Jember,99337
25/08/2022,Besuki Na Oogst,Gudang Garam,Jember,94094
26/08/2022,Besuki Na Oogst,Gudang Garam,Jember,139897
27/08/2022,Besuki Na Oogst,Gudang Garam,Jember,138436
28/08/2022,Besuki Na Oogst,Gudang Garam,Jember,157616
29/08/2022,Besuki Na Oogst,Gudang Garam,Jember,121275
30/08/2022,Besuki Na Oogst,Gudang Garam,Jember,143833
31/08/2022,Besuki Na Oogst,Gudang Garam,Jember,137962
01/09/2022,Besuki Na Oogst,Gudang Garam,Jember,128773
02/09/2022,Besuki Na Oogst,Gudang Garam,Jember,112374
03/09/2022,Besuki Na Oogst,Gudang Garam,Jember,91782
04/09/2022,Besuki Na Oogst,Gudang Garam,Jember,127696
05/09/2022,Besuki Na Oogst,Gudang Garam,Jember,153347
06/09/2022,Besuki Na Oogst,Gudang Garam,Jember,154558
07/09/2022,Besuki Na Oogst,Gudang Garam,Jember,134333
08/09/2022,Besuki Na Oogst,Gudang Garam,Jember,144306
09/09/2022,Besuki Na Oogst,Gudang Garam,Jember,140630
10/09/2022,Besuki Na Oogst,Gudang Garam,Jember,112827
11/09/2022,Besuki Na Oogst,Gudang Garam,Jember,129437
12/09/2022,Besuki Na Oogst,Gudang Garam,Jember,109546
13/09/2022,Besuki Na Oogst,Gudang Garam,Jember,133019
14/09/2022,Besuki Na Oogst,Gudang Garam,Jember,115968
15/09/2022,Besuki Na Oogst,Gudang Garam,Jember,159761
16/09/2022,Besuki Na Oogst,Gudang Garam,Jember,148751
17/09/2022,Besuki Na Oogst,Gudang Garam,Jember,110957
18/09/2022,Besuki Na Oogst,Gudang Garam,Jember,151481
19/09/2022,Besuki Na Oogst,Gudang Garam,Jember,95940
20/09/2022,Besuki Na Oogst,Gudang Garam,Jember,117690
21/09/2022,Besuki Na Oogst,Gudang Garam,Jember,114632
22/09/2022,Besuki Na Oogst,Gudang Garam,Jember,124874
23/09/2022,Besuki Na Oogst,Gudang Garam,Jember,96969
24/09/2022,Besuki Na Oogst,Gudang Garam,Jember,103255
25/09/2022,Besuki Na Oogst,Gudang Garam,Jember,126162
26/09/2022,Besuki Na Oogst,Gudang Garam,Jember,138246
27/09/2022,Besuki Na Oogst,Gudang Garam,Jember,151868
28/09/2022,Besuki Na Oogst,Gudang Garam,Jember,154302
29/09/2022,Besuki Na Oogst,Gudang Garam,Jember,125606
30/09/2022,Besuki Na Oogst,Gudang Garam,Jember,114247
01/10/2022,Besuki Na Oogst,Gudang Garam,Jember,91923
02/10/2022,Besuki Na Oogst,Gudang Garam,Jember,105055
03/10/2022,Besuki Na Oogst,Gudang Garam,Jember,133109
04/10/2022,Besuki Na Oogst,Gudang Garam,Jember,113056
05/10/2022,Besuki Na Oogst,Gudang Garam,Jember,97507
06/10/2022,Besuki Na Oogst,Gudang Garam,Jember,90636
07/10/2022,Besuki Na Oogst,Gudang Garam,Jember,151788
08/10/2022,Besuki Na Oogst,Gudang Garam,Jember,139448
09/10/2022,Besuki Na Oogst,Gudang Garam,Jember,129149
10/10/2022,Besuki Na Oogst,Gudang Garam,Jember,96063
11/10/2022,Besuki Na Oogst,Gudang Garam,Jember,137638
12/10/2022,Besuki Na Oogst,Gudang Garam,Jember,148601
13/10/2022,Besuki Na Oogst,Gudang Garam,Jember,125340
14/10/2022,Besuki Na Oogst,Gudang Garam,Jember,93088
15/10/2022,Besuki Na Oogst,Gudang Garam,Jember,126994
16/10/2022,Besuki Na Oogst,Gudang Garam,Jember,123796
17/10/2022,Besuki Na Oogst,Gudang Garam,Jember,104808
18/10/2022,Besuki Na Oogst,Gudang Garam,Jember,121356
19/10/2022,Besuki Na Oogst,Gudang Garam,Jember,118096
20/10/2022,Besuki Na Oogst,Gudang Garam,Jember,155612
21/10/2022,Besuki Na Oogst,Gudang Garam,Jember,142971
22/10/2022,Besuki Na Oogst,Gudang Garam,Jember,119649
23/10/2022,Besuki Na Oogst,Gudang Garam,Jember,100342
24/10/2022,Besuki Na Oogst,Gudang Garam,Jember,131897
25/10/2022,Besuki Na Oogst,Gudang Garam,Jember,136018
26/10/2022,Besuki Na Oogst,Gudang Garam,Jember,116392
27/10/2022,Besuki Na Oogst,Gudang Garam,Jember,106314
28/10/2022,Besuki Na Oogst,Gudang Garam,Jember,125429
29/10/2022,Besuki Na Oogst,Gudang Garam,Jember,97246
30/10/2022,Besuki Na Oogst,Gudang Garam,Jember,92869
31/10/2022,Besuki Na Oogst,Gudang Garam,Jember,101369
01/11/2022,Besuki Na Oogst,Gudang Garam,Jember,109801
02/11/2022,Besuki Na Oogst,Gudang Garam,Jember,129011
03/11/2022,Besuki Na Oogst,Gudang Garam,Jember,132897
04/11/2022,Besuki Na Oogst,Gudang Garam,Jember,156196
05/11/2022,Besuki Na Oogst,Gudang Garam,Jember,100840
06/11/2022,Besuki Na Oogst,Gudang Garam,Jember,104942
07/11/2022,Besuki Na Oogst,Gudang Garam,Jember,127554
08/11/2022,Besuki Na Oogst,Gudang Garam,Jember,122076
09/11/2022,Besuki Na Oogst,Gudang Garam,Jember,91587
10/11/2022,Besuki Na Oogst,Gudang Garam,Jember,91402
11/11/2022,Besuki Na Oogst,Gudang Garam,Jember,141540
12/11/2022,Besuki Na Oogst,Gudang Garam,Jember,122501
13/11/2022,Besuki Na Oogst,Gudang Garam,Jember,96070
14/11/2022,Besuki Na Oogst,Gudang Garam,Jember,96903
15/11/2022,Besuki Na Oogst,Gudang Garam,Jember,117032
16/11/2022,Besuki Na Oogst,Gudang Garam,Jember,127662
17/11/2022,Besuki Na Oogst,Gudang Garam,Jember,109776
18/11/2022,Besuki Na Oogst,Gudang Garam,Jember,156524
19/11/2022,Besuki Na Oogst,Gudang Garam,Jember,114186
20/11/2022,Besuki Na Oogst,Gudang Garam,Jember,124365
21/11/2022,Besuki Na Oogst,Gudang Garam,Jember,133869
22/11/2022,Besuki Na Oogst,Gudang Garam,Jember,102465
23/11/2022,Besuki Na Oogst,Gudang Garam,Jember,124068
24/11/2022,Besuki Na Oogst,Gudang Garam,Jember,146715
25/11/2022,Besuki Na Oogst,Gudang Garam,Jember,114739
26/11/2022,Besuki Na Oogst,Gudang Garam,Jember,92739
27/11/2022,Besuki Na Oogst,Gudang Garam,Jember,90862
28/11/2022,Besuki Na Oogst,Gudang Garam,Jember,120068
29/11/2022,Besuki Na Oogst,Gudang Garam,Jember,93560
30/11/2022,Besuki Na Oogst,Gudang Garam,Jember,151175
01/12/2022,Besuki Na Oogst,Gudang Garam,Jember,142892
02/12/2022,Besuki Na Oogst,Gudang Garam,Jember,112459
03/12/2022,Besuki Na Oogst,Gudang Garam,Jember,155283
04/12/2022,Besuki Na Oogst,Gudang Garam,Jember,114096
05/12/2022,Besuki Na Oogst,Gudang Garam,Jember,159090
06/12/2022,Besuki Na Oogst,Gudang Garam,Jember,122120
07/12/2022,Besuki Na Oogst,Gudang Garam,Jember,125409
08/12/2022,Besuki Na Oogst,Gudang Garam,Jember,152521
09/12/2022,Besuki Na Oogst,Gudang Garam,Jember,121422
10/12/2022,Besuki Na Oogst,Gudang Garam,Jember,143153
11/12/2022,Besuki Na Oogst,Gudang Garam,Jember,123094
12/12/2022,Besuki Na Oogst,Gudang Garam,Jember,150830
13/12/2022,Besuki Na Oogst,Gudang Garam,Jember,103010
14/12/2022,Besuki Na Oogst,Gudang Garam,Jember,109310
15/12/2022,Besuki Na Oogst,Gudang Garam,Jember,115246
16/12/2022,Besuki Na Oogst,Gudang Garam,Jember,110852
17/12/2022,Besuki Na Oogst,Gudang Garam,Jember,136625
18/12/2022,Besuki Na Oogst,Gudang Garam,Jember,94743
19/12/2022,Besuki Na Oogst,Gudang Garam,Jember,156725
20/12/2022,Besuki Na Oogst,Gudang Garam,Jember,98137
21/12/2022,Besuki Na Oogst,Gudang Garam,Jember,114867
22/12/2022,Besuki Na Oogst,Gudang Garam,Jember,147559
23/12/2022,Besuki Na Oogst,Gudang Garam,Jember,96669
24/12/2022,Besuki Na Oogst,Gudang Garam,Jember,114097
25/12/2022,Besuki Na Oogst,Gudang Garam,Jember,95083
26/12/2022,Besuki Na Oogst,Gudang Garam,Jember,120563
27/12/2022,Besuki Na Oogst,Gudang Garam,Jember,130388
28/12/2022,Besuki Na Oogst,Gudang Garam,Jember,144921
29/12/2022,Besuki Na Oogst,Gudang Garam,Jember,128139
30/12/2022,Besuki Na Oogst,Gudang Garam,Jember,138603
31/12/2022,Besuki Na Oogst,Gudang Garam,Jember,126808
01/01/2023,Besuki Na Oogst,Gudang Garam,Jember,100608
02/01/2023,Besuki Na Oogst,Gudang Garam,Jember,123213
03/01/2023,Besuki Na Oogst,Gudang Garam,Jember,155008
04/01/2023,Besuki Na Oogst,Gudang Garam,Jember,96653
05/01/2023,Besuki Na Oogst,Gudang Garam,Jember,108641
06/01/2023,Besuki Na Oogst,Gudang Garam,Jember,153337
07/01/2023,Besuki Na Oogst,Gudang Garam,Jember,151056
08/01/2023,Besuki Na Oogst,Gudang Garam,Jember,159924
09/01/2023,Besuki Na Oogst,Gudang Garam,Jember,108321
10/01/2023,Besuki Na Oogst,Gudang Garam,Jember,95879
11/01/2023,Besuki Na Oogst,Gudang Garam,Jember,114599
12/01/2023,Besuki Na Oogst,Gudang Garam,Jember,143723
13/01/2023,Besuki Na Oogst,Gudang Garam,Jember,107973
14/01/2023,Besuki Na Oogst,Gudang Garam,Jember,134216
15/01/2023,Besuki Na Oogst,Gudang Garam,Jember,108327
16/01/2023,Besuki Na Oogst,Gudang Garam,Jember,114668
17/01/2023,Besuki Na Oogst,Gudang Garam,Jember,121906
18/01/2023,Besuki Na Oogst,Gudang Garam,Jember,102627
19/01/2023,Besuki Na Oogst,Gudang Garam,Jember,154506
20/01/2023,Besuki Na Oogst,Gudang Garam,Jember,142612
21/01/2023,Besuki Na Oogst,Gudang Garam,Jember,105518
22/01/2023,Besuki Na Oogst,Gudang Garam,Jember,125637
23/01/2023,Besuki Na Oogst,Gudang Garam,Jember,120958
24/01/2023,Besuki Na Oogst,Gudang Garam,Jember,144213
25/01/2023,Besuki Na Oogst,Gudang Garam,Jember,134294
26/01/2023,Besuki Na Oogst,Gudang Garam,Jember,144137
27/01/2023,Besuki Na Oogst,Gudang Garam,Jember,136144
28/01/2023,Besuki Na Oogst,Gudang Garam,Jember,150523
29/01/2023,Besuki Na Oogst,Gudang Garam,Jember,112777
30/01/2023,Besuki Na Oogst,Gudang Garam,Jember,102231
31/01/2023,Besuki Na Oogst,Gudang Garam,Jember,109422
01/02/2023,Besuki Na Oogst,Gudang Garam,Jember,150603
02/02/2023,Besuki Na Oogst,Gudang Garam,Jember,111843
03/02/2023,Besuki Na Oogst,Gudang Garam,Jember,134359
04/02/2023,Besuki Na Oogst,Gudang Garam,Jember,159755
05/02/2023,Besuki Na Oogst,Gudang Garam,Jember,156658
06/02/2023,Besuki Na Oogst,Gudang Garam,Jember,97499
07/02/2023,Besuki Na Oogst,Gudang Garam,Jember,112845
08/02/2023,Besuki Na Oogst,Gudang Garam,Jember,97768
09/02/2023,Besuki Na Oogst,Gudang Garam,Jember,103551
10/02/2023,Besuki Na Oogst,Gudang Garam,Jember,123532
11/02/2023,Besuki Na Oogst,Gudang Garam,Jember,137649
12/02/2023,Besuki Na Oogst,Gudang Garam,Jember,150565
13/02/2023,Besuki Na Oogst,Gudang Garam,Jember,98355
14/02/2023,Besuki Na Oogst,Gudang Garam,Jember,152565
15/02/2023,Besuki Na Oogst,Gudang Garam,Jember,119698
16/02/2023,Besuki Na Oogst,Gudang Garam,Jember,117559
17/02/2023,Besuki Na Oogst,Gudang Garam,Jember,144205
18/02/2023,Besuki Na Oogst,Gudang Garam,Jember,127833
19/02/2023,Besuki Na Oogst,Gudang Garam,Jember,123396
20/02/2023,Besuki Na Oogst,Gudang Garam,Jember,141886
21/02/2023,Besuki Na Oogst,Gudang Garam,Jember,136632
22/02/2023,Besuki Na Oogst,Gudang Garam,Jember,116528
23/02/2023,Besuki Na Oogst,Gudang Garam,Jember,100368
24/02/2023,Besuki Na Oogst,Gudang Garam,Jember,103615
25/02/2023,Besuki Na Oogst,Gudang Garam,Jember,125731
26/02/2023,Besuki Na Oogst,Gudang Garam,Jember,105913
27/02/2023,Besuki Na Oogst,Gudang Garam,Jember,115165
28/02/2023,Besuki Na Oogst,Gudang Garam,Jember,128330
01/03/2023,Besuki Na Oogst,Gudang Garam,Jember,113715
02/03/2023,Besuki Na Oogst,Gudang Garam,Jember,113915
03/03/2023,Besuki Na Oogst,Gudang Garam,Jember,114051
04/03/2023,Besuki Na Oogst,Gudang Garam,Jember,116148
05/03/2023,Besuki Na Oogst,Gudang Garam,Jember,145946
06/03/2023,Besuki Na Oogst,Gudang Garam,Jember,105997
07/03/2023,Besuki Na Oogst,Gudang Garam,Jember,139570
08/03/2023,Besuki Na Oogst,Gudang Garam,Jember,110056
09/03/2023,Besuki Na Oogst,Gudang Garam,Jember,142797
10/03/2023,Besuki Na Oogst,Gudang Garam,Jember,123510
11/03/2023,Besuki Na Oogst,Gudang Garam,Jember,158836
12/03/2023,Besuki Na Oogst,Gudang Garam,Jember,123461
13/03/2023,Besuki Na Oogst,Gudang Garam,Jember,157836
14/03/2023,Besuki Na Oogst,Gudang Garam,Jember,96979
15/03/2023,Besuki Na Oogst,Gudang Garam,Jember,131606
16/03/2023,Besuki Na Oogst,Gudang Garam,Jember,142746
17/03/2023,Besuki Na Oogst,Gudang Garam,Jember,146970
18/03/2023,Besuki Na Oogst,Gudang Garam,Jember,143284
19/03/2023,Besuki Na Oogst,Gudang Garam,Jember,153218
20/03/2023,Besuki Na Oogst,Gudang Garam,Jember,106464
21/03/2023,Besuki Na Oogst,Gudang Garam,Jember,107163
22/03/2023,Besuki Na Oogst,Gudang Garam,Jember,153588
23/03/2023,Besuki Na Oogst,Gudang Garam,Jember,156112
24/03/2023,Besuki Na Oogst,Gudang Garam,Jember,104652
25/03/2023,Besuki Na Oogst,Gudang Garam,Jember,133638
26/03/2023,Besuki Na Oogst,Gudang Garam,Jember,104695
27/03/2023,Besuki Na Oogst,Gudang Garam,Jember,124170
28/03/2023,Besuki Na Oogst,Gudang Garam,Jember,130520
29/03/2023,Besuki Na Oogst,Gudang Garam,Jember,156248
30/03/2023,Besuki Na Oogst,Gudang Garam,Jember,128657
31/03/2023,Besuki Na Oogst,Gudang Garam,Jember,120242
01/04/2023,Besuki Na Oogst,Gudang Garam,Jember,131590
02/04/2023,Besuki Na Oogst,Gudang Garam,Jember,151586
03/04/2023,Besuki Na Oogst,Gudang Garam,Jember,154984
04/04/2023,Besuki Na Oogst,Gudang Garam,Jember,120775
05/04/2023,Besuki Na Oogst,Gudang Garam,Jember,96756
06/04/2023,Besuki Na Oogst,Gudang Garam,Jember,138146
07/04/2023,Besuki Na Oogst,Gudang Garam,Jember,98759
08/04/2023,Besuki Na Oogst,Gudang Garam,Jember,100846
09/04/2023,Besuki Na Oogst,Gudang Garam,Jember,129544
10/04/2023,Besuki Na Oogst,Gudang Garam,Jember,133284
11/04/2023,Besuki Na Oogst,Gudang Garam,Jember,96390
12/04/2023,Besuki Na Oogst,Gudang Garam,Jember,141794
13/04/2023,Besuki Na Oogst,Gudang Garam,Jember,117098
14/04/2023,Besuki Na Oogst,Gudang Garam,Jember,103375
15/04/2023,Besuki Na Oogst,Gudang Garam,Jember,116961
16/04/2023,Besuki Na Oogst,Gudang Garam,Jember,129332
17/04/2023,Besuki Na Oogst,Gudang Garam,Jember,158288
18/04/2023,Besuki Na Oogst,Gudang Garam,Jember,134871
19/04/2023,Besuki Na Oogst,Gudang Garam,Jember,140776
20/04/2023,Besuki Na Oogst,Gudang Garam,Jember,101607
21/04/2023,Besuki Na Oogst,Gudang Garam,Jember,101655
22/04/2023,Besuki Na Oogst,Gudang Garam,Jember,123931
23/04/2023,Besuki Na Oogst,Gudang Garam,Jember,137173
24/04/2023,Besuki Na Oogst,Gudang Garam,Jember,114113
25/04/2023,Besuki Na Oogst,Gudang Garam,Jember,159143
26/04/2023,Besuki Na Oogst,Gudang Garam,Jember,98938
27/04/2023,Besuki Na Oogst,Gudang Garam,Jember,120862
28/04/2023,Besuki Na Oogst,Gudang Garam,Jember,128808
29/04/2023,Besuki Na Oogst,Gudang Garam,Jember,133008
30/04/2023,Besuki Na Oogst,Gudang Garam,Jember,105276
01/05/2023,Besuki Na Oogst,Gudang Garam,Jember,146383
02/05/2023,Besuki Na Oogst,Gudang Garam,Jember,125099
03/05/2023,Besuki Na Oogst,Gudang Garam,Jember,110473
04/05/2023,Besuki Na Oogst,Gudang Garam,Jember,119051
05/05/2023,Besuki Na Oogst,Gudang Garam,Jember,104559
06/05/2023,Besuki Na Oogst,Gudang Garam,Jember,131132
07/05/2023,Besuki Na Oogst,Gudang Garam,Jember,144730
08/05/2023,Besuki Na Oogst,Gudang Garam,Jember,122705
09/05/2023,Besuki Na Oogst,Gudang Garam,Jember,101108
10/05/2023,Besuki Na Oogst,Gudang Garam,Jember,121756
11/05/2023,Besuki Na Oogst,Gudang Garam,Jember,147099
12/05/2023,Besuki Na Oogst,Gudang Garam,Jember,135380
13/05/2023,Besuki Na Oogst,Gudang Garam,Jember,114401
14/05/2023,Besuki Na Oogst,Gudang Garam,Jember,143518
15/05/2023,Besuki Na Oogst,Gudang Garam,Jember,135358
16/05/2023,Besuki Na Oogst,Gudang Garam,Jember,97325
17/05/2023,Besuki Na Oogst,Gudang Garam,Jember,159293
18/05/2023,Besuki Na Oogst,Gudang Garam,Jember,98034
19/05/2023,Besuki Na Oogst,Gudang Garam,Jember,128179
20/05/2023,Besuki Na Oogst,Gudang Garam,Jember,159128
21/05/2023,Besuki Na Oogst,Gudang Garam,Jember,109075
22/05/2023,Besuki Na Oogst,Gudang Garam,Jember,100946
23/05/2023,Besuki Na Oogst,Gudang Garam,Jember,128094
24/05/2023,Besuki Na Oogst,Gudang Garam,Jember,114525
25/05/2023,Besuki Na Oogst,Gudang Garam,Jember,111828
26/05/2023,Besuki Na Oogst,Gudang Garam,Jember,105952
27/05/2023,Besuki Na Oogst,Gudang Garam,Jember,107022
28/05/2023,Besuki Na Oogst,Gudang Garam,Jember,120762
29/05/2023,Besuki Na Oogst,Gudang Garam,Jember,116211
30/05/2023,Besuki Na Oogst,Gudang Garam,Jember,126212
31/05/2023,Besuki Na Oogst,Gudang Garam,Jember,118561
01/06/2023,Besuki Na Oogst,Gudang Garam,Jember,140258
02/06/2023,Besuki Na Oogst,Gudang Garam,Jember,122221
03/06/2023,Besuki Na Oogst,Gudang Garam,Jember,151298
04/06/2023,Besuki Na Oogst,Gudang Garam,Jember,150505
05/06/2023,Besuki Na Oogst,Gudang Garam,Jember,137954
06/06/2023,Besuki Na Oogst,Gudang Garam,Jember,103245
07/06/2023,Besuki Na Oogst,Gudang Garam,Jember,97931
08/06/2023,Besuki Na Oogst,Gudang Garam,Jember,135886
09/06/2023,Besuki Na Oogst,Gudang Garam,Jember,155823
10/06/2023,Besuki Na Oogst,Gudang Garam,Jember,156863
11/06/2023,Besuki Na Oogst,Gudang Garam,Jember,127374
12/06/2023,Besuki Na Oogst,Gudang Garam,Jember,122667
13/06/2023,Besuki Na Oogst,Gudang Garam,Jember,114734
14/06/2023,Besuki Na Oogst,Gudang Garam,Jember,135231
15/06/2023,Besuki Na Oogst,Gudang Garam,Jember,102624
16/06/2023,Besuki Na Oogst,Gudang Garam,Jember,129832
17/06/2023,Besuki Na Oogst,Gudang Garam,Jember,122442
18/06/2023,Besuki Na Oogst,Gudang Garam,Jember,158354
19/06/2023,Besuki Na Oogst,Gudang Garam,Jember,100812
20/06/2023,Besuki Na Oogst,Gudang Garam,Jember,97726
21/06/2023,Besuki Na Oogst,Gudang Garam,Jember,149063
22/06/2023,Besuki Na Oogst,Gudang Garam,Jember,134017
23/06/2023,Besuki Na Oogst,Gudang Garam,Jember,145035
24/06/2023,Besuki Na Oogst,Gudang Garam,Jember,149507
25/06/2023,Besuki Na Oogst,Gudang Garam,Jember,135408
26/06/2023,Besuki Na Oogst,Gudang Garam,Jember,131663
27/06/2023,Besuki Na Oogst,Gudang Garam,Jember,111731
28/06/2023,Besuki Na Oogst,Gudang Garam,Jember,144036
29/06/2023,Besuki Na Oogst,Gudang Garam,Jember,124393
30/06/2023,Besuki Na Oogst,Gudang Garam,Jember,153561
01/07/2023,Besuki Na Oogst,Gudang Garam,Jember,100003
02/07/2023,Besuki Na Oogst,Gudang Garam,Jember,138737
03/07/2023,Besuki Na Oogst,Gudang Garam,Jember,126535
04/07/2023,Besuki Na Oogst,Gudang Garam,Jember,139424
05/07/2023,Besuki Na Oogst,Gudang Garam,Jember,144038
06/07/2023,Besuki Na Oogst,Gudang Garam,Jember,139951
07/07/2023,Besuki Na Oogst,Gudang Garam,Jember,105031
08/07/2023,Besuki Na Oogst,Gudang Garam,Jember,103012
09/07/2023,Besuki Na Oogst,Gudang Garam,Jember,99907
10/07/2023,Besuki Na Oogst,Gudang Garam,Jember,122902
11/07/2023,Besuki Na Oogst,Gudang Garam,Jember,158533
12/07/2023,Besuki Na Oogst,Gudang Garam,Jember,143475
13/07/2023,Besuki Na Oogst,Gudang Garam,Jember,153672
14/07/2023,Besuki Na Oogst,Gudang Garam,Jember,144450
15/07/2023,Besuki Na Oogst,Gudang Garam,Jember,99949
16/07/2023,Besuki Na Oogst,Gudang Garam,Jember,135561
17/07/2023,Besuki Na Oogst,Gudang Garam,Jember,119376
18/07/2023,Besuki Na Oogst,Gudang Garam,Jember,119986
19/07/2023,Besuki Na Oogst,Gudang Garam,Jember,154234
20/07/2023,Besuki Na Oogst,Gudang Garam,Jember,139669
21/07/2023,Besuki Na Oogst,Gudang Garam,Jember,121204
22/07/2023,Besuki Na Oogst,Gudang Garam,Jember,111297
23/07/2023,Besuki Na Oogst,Gudang Garam,Jember,100377
24/07/2023,Besuki Na Oogst,Gudang Garam,Jember,125212
25/07/2023,Besuki Na Oogst,Gudang Garam,Jember,133815
26/07/2023,Besuki Na Oogst,Gudang Garam,Jember,105299
27/07/2023,Besuki Na Oogst,Gudang Garam,Jember,107438
28/07/2023,Besuki Na Oogst,Gudang Garam,Jember,118307
29/07/2023,Besuki Na Oogst,Gudang Garam,Jember,133179
30/07/2023,Besuki Na Oogst,Gudang Garam,Jember,107388
31/07/2023,Besuki Na Oogst,Gudang Garam,Jember,156879
01/08/2023,Besuki Na Oogst,Gudang Garam,Jember,104828
02/08/2023,Besuki Na Oogst,Gudang Garam,Jember,149668
03/08/2023,Besuki Na Oogst,Gudang Garam,Jember,110309
04/08/2023,Besuki Na Oogst,Gudang Garam,Jember,122025
05/08/2023,Besuki Na Oogst,Gudang Garam,Jember,114297
06/08/2023,Besuki Na Oogst,Gudang Garam,Jember,112564
07/08/2023,Besuki Na Oogst,Gudang Garam,Jember,131766
08/08/2023,Besuki Na Oogst,Gudang Garam,Jember,146521
09/08/2023,Besuki Na Oogst,Gudang Garam,Jember,97897
10/08/2023,Besuki Na Oogst,Gudang Garam,Jember,100443
11/08/2023,Besuki Na Oogst,Gudang Garam,Jember,134218
12/08/2023,Besuki Na Oogst,Gudang Garam,Jember,143943
13/08/2023,Besuki Na Oogst,Gudang Garam,Jember,159269
14/08/2023,Besuki Na Oogst,Gudang Garam,Jember,130074
15/08/2023,Besuki Na Oogst,Gudang Garam,Jember,127318
16/08/2023,Besuki Na Oogst,Gudang Garam,Jember,101710
17/08/2023,Besuki Na Oogst,Gudang Garam,Jember,100409
18/08/2023,Besuki Na Oogst,Gudang Garam,Jember,117896
19/08/2023,Besuki Na Oogst,Gudang Garam,Jember,107241
20/08/2023,Besuki Na Oogst,Gudang Garam,Jember,115563
21/08/2023,Besuki Na Oogst,Gudang Garam,Jember,138564
22/08/2023,Besuki Na Oogst,Gudang Garam,Jember,105524
23/08/2023,Besuki Na Oogst,Gudang Garam,Jember,130091
24/08/2023,Besuki Na Oogst,Gudang Garam,Jember,148473
25/08/2023,Besuki Na Oogst,Gudang Garam,Jember,118129
26/08/2023,Besuki Na Oogst,Gudang Garam,Jember,151820
27/08/2023,Besuki Na Oogst,Gudang Garam,Jember,147581
28/08/2023,Besuki Na Oogst,Gudang Garam,Jember,143806
29/08/2023,Besuki Na Oogst,Gudang Garam,Jember,100381
30/08/2023,Besuki Na Oogst,Gudang Garam,Jember,140575
31/08/2023,Besuki Na Oogst,Gudang Garam,Jember,143095
01/09/2023,Besuki Na Oogst,Gudang Garam,Jember,128447
02/09/2023,Besuki Na Oogst,Gudang Garam,Jember,135787
03/09/2023,Besuki Na Oogst,Gudang Garam,Jember,99009
04/09/2023,Besuki Na Oogst,Gudang Garam,Jember,122589
05/09/2023,Besuki Na Oogst,Gudang Garam,Jember,141888
06/09/2023,Besuki Na Oogst,Gudang Garam,Jember,113020
07/09/2023,Besuki Na Oogst,Gudang Garam,Jember,130641
08/09/2023,Besuki Na Oogst,Gudang Garam,Jember,127431
09/09/2023,Besuki Na Oogst,Gudang Garam,Jember,118229
10/09/2023,Besuki Na Oogst,Gudang Garam,Jember,100798
11/09/2023,Besuki Na Oogst,Gudang Garam,Jember,95501
12/09/2023,Besuki Na Oogst,Gudang Garam,Jember,99029
13/09/2023,Besuki Na Oogst,Gudang Garam,Jember,115592
14/09/2023,Besuki Na Oogst,Gudang Garam,Jember,141824
15/09/2023,Besuki Na Oogst,Gudang Garam,Jember,152731
16/09/2023,Besuki Na Oogst,Gudang Garam,Jember,114115
17/09/2023,Besuki Na Oogst,Gudang Garam,Jember,97678
18/09/2023,Besuki Na Oogst,Gudang Garam,Jember,112373
19/09/2023,Besuki Na Oogst,Gudang Garam,Jember,150908
20/09/2023,Besuki Na Oogst,Gudang Garam,Jember,96109
21/09/2023,Besuki Na Oogst,Gudang Garam,Jember,143785
22/09/2023,Besuki Na Oogst,Gudang Garam,Jember,109061
23/09/2023,Besuki Na Oogst,Gudang Garam,Jember,128229
24/09/2023,Besuki Na Oogst,Gudang Garam,Jember,152125
25/09/2023,Besuki Na Oogst,Gudang Garam,Jember,128087
26/09/2023,Besuki Na Oogst,Gudang Garam,Jember,128843
27/09/2023,Besuki Na Oogst,Gudang Garam,Jember,157032
28/09/2023,Besuki Na Oogst,Gudang Garam,Jember,102615
29/09/2023,Besuki Na Oogst,Gudang Garam,Jember,130035
30/09/2023,Besuki Na Oogst,Gudang Garam,Jember,104217
01/10/2023,Besuki Na Oogst,Gudang Garam,Jember,154653
02/10/2023,Besuki Na Oogst,Gudang Garam,Jember,114745
03/10/2023,Besuki Na Oogst,Gudang Garam,Jember,119885
04/10/2023,Besuki Na Oogst,Gudang Garam,Jember,151070
05/10/2023,Besuki Na Oogst,Gudang Garam,Jember,147171
06/10/2023,Besuki Na Oogst,Gudang Garam,Jember,124175
07/10/2023,Besuki Na Oogst,Gudang Garam,Jember,107775
08/10/2023,Besuki Na Oogst,Gudang Garam,Jember,125562
09/10/2023,Besuki Na Oogst,Gudang Garam,Jember,135534
10/10/2023,Besuki Na Oogst,Gudang Garam,Jember,99508
11/10/2023,Besuki Na Oogst,Gudang Garam,Jember,122798
12/10/2023,Besuki Na Oogst,Gudang Garam,Jember,139629
13/10/2023,Besuki Na Oogst,Gudang Garam,Jember,131630
14/10/2023,Besuki Na Oogst,Gudang Garam,Jember,96526
15/10/2023,Besuki Na Oogst,Gudang Garam,Jember,102387
16/10/2023,Besuki Na Oogst,Gudang Garam,Jember,131614
17/10/2023,Besuki Na Oogst,Gudang Garam,Jember,126973
18/10/2023,Besuki Na Oogst,Gudang Garam,Jember,114173
19/10/2023,Besuki Na Oogst,Gudang Garam,Jember,121938
20/10/2023,Besuki Na Oogst,Gudang Garam,Jember,129683
21/10/2023,Besuki Na Oogst,Gudang Garam,Jember,154314
22/10/2023,Besuki Na Oogst,Gudang Garam,Jember,99540
23/10/2023,Besuki Na Oogst,Gudang Garam,Jember,128620
24/10/2023,Besuki Na Oogst,Gudang Garam,Jember,100893
25/10/2023,Besuki Na Oogst,Gudang Garam,Jember,110219
26/10/2023,Besuki Na Oogst,Gudang Garam,Jember,127724
27/10/2023,Besuki Na Oogst,Gudang Garam,Jember,100205
28/10/2023,Besuki Na Oogst,Gudang Garam,Jember,154446
29/10/2023,Besuki Na Oogst,Gudang Garam,Jember,120409
30/10/2023,Besuki Na Oogst,Gudang Garam,Jember,143455
31/10/2023,Besuki Na Oogst,Gudang Garam,Jember,116783
01/11/2023,Besuki Na Oogst,Gudang Garam,Jember,107490
02/11/2023,Besuki Na Oogst,Gudang Garam,Jember,98328
03/11/2023,Besuki Na Oogst,Gudang Garam,Jember,157116
04/11/2023,Besuki Na Oogst,Gudang Garam,Jember,111598
05/11/2023,Besuki Na Oogst,Gudang Garam,Jember,130538
06/11/2023,Besuki Na Oogst,Gudang Garam,Jember,152217
07/11/2023,Besuki Na Oogst,Gudang Garam,Jember,136133
08/11/2023,Besuki Na Oogst,Gudang Garam,Jember,101483
09/11/2023,Besuki Na Oogst,Gudang Garam,Jember,108306
10/11/2023,Besuki Na Oogst,Gudang Garam,Jember,142790
11/11/2023,Besuki Na Oogst,Gudang Garam,Jember,95755
12/11/2023,Besuki Na Oogst,Gudang Garam,Jember,148006
13/11/2023,Besuki Na Oogst,Gudang Garam,Jember,129586
14/11/2023,Besuki Na Oogst,Gudang Garam,Jember,108123
15/11/2023,Besuki Na Oogst,Gudang Garam,Jember,96629
16/11/2023,Besuki Na Oogst,Gudang Garam,Jember,132358
17/11/2023,Besuki Na Oogst,Gudang Garam,Jember,106588
18/11/2023,Besuki Na Oogst,Gudang Garam,Jember,106876
19/11/2023,Besuki Na Oogst,Gudang Garam,Jember,158732
20/11/2023,Besuki Na Oogst,Gudang Garam,Jember,144981
21/11/2023,Besuki Na Oogst,Gudang Garam,Jember,106551
22/11/2023,Besuki Na Oogst,Gudang Garam,Jember,150102
23/11/2023,Besuki Na Oogst,Gudang Garam,Jember,130145
24/11/2023,Besuki Na Oogst,Gudang Garam,Jember,142344
25/11/2023,Besuki Na Oogst,Gudang Garam,Jember,139982
26/11/2023,Besuki Na Oogst,Gudang Garam,Jember,103199
27/11/2023,Besuki Na Oogst,Gudang Garam,Jember,102264
28/11/2023,Besuki Na Oogst,Gudang Garam,Jember,155288
29/11/2023,Besuki Na Oogst,Gudang Garam,Jember,116067
30/11/2023,Besuki Na Oogst,Gudang Garam,Jember,138241
01/12/2023,Besuki Na Oogst,Gudang Garam,Jember,96533
02/12/2023,Besuki Na Oogst,Gudang Garam,Jember,154964
03/12/2023,Besuki Na Oogst,Gudang Garam,Jember,133238
04/12/2023,Besuki Na Oogst,Gudang Garam,Jember,100155
05/12/2023,Besuki Na Oogst,Gudang Garam,Jember,125485
06/12/2023,Besuki Na Oogst,Gudang Garam,Jember,123003
07/12/2023,Besuki Na Oogst,Gudang Garam,Jember,105727
08/12/2023,Besuki Na Oogst,Gudang Garam,Jember,105905
09/12/2023,Besuki Na Oogst,Gudang Garam,Jember,95437
10/12/2023,Besuki Na Oogst,Gudang Garam,Jember,125942
11/12/2023,Besuki Na Oogst,Gudang Garam,Jember,144537
12/12/2023,Besuki Na Oogst,Gudang Garam,Jember,139959
13/12/2023,Besuki Na Oogst,Gudang Garam,Jember,111451
14/12/2023,Besuki Na Oogst,Gudang Garam,Jember,101472
15/12/2023,Besuki Na Oogst,Gudang Garam,Jember,125556
16/12/2023,Besuki Na Oogst,Gudang Garam,Jember,102737
17/12/2023,Besuki Na Oogst,Gudang Garam,Jember,136417
18/12/2023,Besuki Na Oogst,Gudang Garam,Jember,129586
19/12/2023,Besuki Na Oogst,Gudang Garam,Jember,145483
20/12/2023,Besuki Na Oogst,Gudang Garam,Jember,103471
21/12/2023,Besuki Na Oogst,Gudang Garam,Jember,144554
22/12/2023,Besuki Na Oogst,Gudang Garam,Jember,109671
23/12/2023,Besuki Na Oogst,Gudang Garam,Jember,149797
24/12/2023,Besuki Na Oogst,Gudang Garam,Jember,137013
25/12/2023,Besuki Na Oogst,Gudang Garam,Jember,157720
26/12/2023,Besuki Na Oogst,Gudang Garam,Jember,114805
27/12/2023,Besuki Na Oogst,Gudang Garam,Jember,154926
28/12/2023,Besuki Na Oogst,Gudang Garam,Jember,126411
29/12/2023,Besuki Na Oogst,Gudang Garam,Jember,125596
30/12/2023,Besuki Na Oogst,Gudang Garam,Jember,137245
31/12/2023,Besuki Na Oogst,Gudang Garam,Jember,136091
31/01/2024,Besuki Na Oogst,Gudang Garam,Jember,143838
01/02/2024,Besuki Na Oogst,Gudang Garam,Jember,106168
02/02/2024,Besuki Na Oogst,Gudang Garam,Jember,98917
03/02/2024,Besuki Na Oogst,Gudang Garam,Jember,91844
04/02/2024,Besuki Na Oogst,Gudang Garam,Jember,105252
05/02/2024,Besuki Na Oogst,Gudang Garam,Jember,125605
06/02/2024,Besuki Na Oogst,Gudang Garam,Jember,114572
07/02/2024,Besuki Na Oogst,Gudang Garam,Jember,129905
08/02/2024,Besuki Na Oogst,Gudang Garam,Jember,131873
09/02/2024,Besuki Na Oogst,Gudang Garam,Jember,117128
10/02/2024,Besuki Na Oogst,Gudang Garam,Jember,121812
11/02/2024,Besuki Na Oogst,Gudang Garam,Jember,90055
12/02/2024,Besuki Na Oogst,Gudang Garam,Jember,112385
13/02/2024,Besuki Na Oogst,Gudang Garam,Jember,134862
14/02/2024,Besuki Na Oogst,Gudang Garam,Jember,144783
15/02/2024,Besuki Na Oogst,Gudang Garam,Jember,146915
16/02/2024,Besuki Na Oogst,Gudang Garam,Jember,132744
17/02/2024,Besuki Na Oogst,Gudang Garam,Jember,96009
18/02/2024,Besuki Na Oogst,Gudang Garam,Jember,118644
19/02/2024,Besuki Na Oogst,Gudang Garam,Jember,140193
20/02/2024,Besuki Na Oogst,Gudang Garam,Jember,94331
21/02/2024,Besuki Na Oogst,Gudang Garam,Jember,117124
22/02/2024,Besuki Na Oogst,Gudang Garam,Jember,149592
23/02/2024,Besuki Na Oogst,Gudang Garam,Jember,135998
24/02/2024,Besuki Na Oogst,Gudang Garam,Jember,124141
25/02/2024,Besuki Na Oogst,Gudang Garam,Jember,121614
26/02/2024,Besuki Na Oogst,Gudang Garam,Jember,104472
27/02/2024,Besuki Na Oogst,Gudang Garam,Jember,111046
28/02/2024,Besuki Na Oogst,Gudang Garam,Jember,138695
29/02/2024,Besuki Na Oogst,Gudang Garam,Jember,138626
01/03/2024,Besuki Na Oogst,Gudang Garam,Jember,97341
02/03/2024,Besuki Na Oogst,Gudang Garam,Jember,106783
03/03/2024,Besuki Na Oogst,Gudang Garam,Jember,117451
04/03/2024,Besuki Na Oogst,Gudang Garam,Jember,125853
05/03/2024,Besuki Na Oogst,Gudang Garam,Jember,117194
06/03/2024,Besuki Na Oogst,Gudang Garam,Jember,127272
07/03/2024,Besuki Na Oogst,Gudang Garam,Jember,117209
08/03/2024,Besuki Na Oogst,Gudang Garam,Jember,125100
09/03/2024,Besuki Na Oogst,Gudang Garam,Jember,93391
10/03/2024,Besuki Na Oogst,Gudang Garam,Jember,103290
11/03/2024,Besuki Na Oogst,Gudang Garam,Jember,100247
12/03/2024,Besuki Na Oogst,Gudang Garam,Jember,121537
13/03/2024,Besuki Na Oogst,Gudang Garam,Jember,102214
14/03/2024,Besuki Na Oogst,Gudang Garam,Jember,125644
15/03/2024,Besuki Na Oogst,Gudang Garam,Jember,128601
16/03/2024,Besuki Na Oogst,Gudang Garam,Jember,93503
17/03/2024,Besuki Na Oogst,Gudang Garam,Jember,123013
18/03/2024,Besuki Na Oogst,Gudang Garam,Jember,118719
19/03/2024,Besuki Na Oogst,Gudang Garam,Jember,140282
20/03/2024,Besuki Na Oogst,Gudang Garam,Jember,108529
21/03/2024,Besuki Na Oogst,Gudang Garam,Jember,92665
22/03/2024,Besuki Na Oogst,Gudang Garam,Jember,110013
23/03/2024,Besuki Na Oogst,Gudang Garam,Jember,90365
24/03/2024,Besuki Na Oogst,Gudang Garam,Jember,147769
25/03/2024,Besuki Na Oogst,Gudang Garam,Jember,147340
26/03/2024,Besuki Na Oogst,Gudang Garam,Jember,118332
27/03/2024,Besuki Na Oogst,Gudang Garam,Jember,104599
28/03/2024,Besuki Na Oogst,Gudang Garam,Jember,90901
29/03/2024,Besuki Na Oogst,Gudang Garam,Jember,133667
30/03/2024,Besuki Na Oogst,Gudang Garam,Jember,142692
31/03/2024,Besuki Na Oogst,Gudang Garam,Jember,137571
01/04/2024,Besuki Na Oogst,Gudang Garam,Jember,118476
02/04/2024,Besuki Na Oogst,Gudang Garam,Jember,96558
03/04/2024,Besuki Na Oogst,Gudang Garam,Jember,123917
04/04/2024,Besuki Na Oogst,Gudang Garam,Jember,140113
05/04/2024,Besuki Na Oogst,Gudang Garam,Jember,95688
06/04/2024,Besuki Na Oogst,Gudang Garam,Jember,128989
07/04/2024,Besuki Na Oogst,Gudang Garam,Jember,99697
08/04/2024,Besuki Na Oogst,Gudang Garam,Jember,127085
09/04/2024,Besuki Na Oogst,Gudang Garam,Jember,126305
10/04/2024,Besuki Na Oogst,Gudang Garam,Jember,101091
11/04/2024,Besuki Na Oogst,Gudang Garam,Jember,142741
12/04/2024,Besuki Na Oogst,Gudang Garam,Jember,120325
13/04/2024,Besuki Na Oogst,Gudang Garam,Jember,96545
14/04/2024,Besuki Na Oogst,Gudang Garam,Jember,109080
15/04/2024,Besuki Na Oogst,Gudang Garam,Jember,123246
16/04/2024,Besuki Na Oogst,Gudang Garam,Jember,128885
17/04/2024,Besuki Na Oogst,Gudang Garam,Jember,133983
18/04/2024,Besuki Na Oogst,Gudang Garam,Jember,140686
19/04/2024,Besuki Na Oogst,Gudang Garam,Jember,124622
20/04/2024,Besuki Na Oogst,Gudang Garam,Jember,119146
21/04/2024,Besuki Na Oogst,Gudang Garam,Jember,122982
22/04/2024,Besuki Na Oogst,Gudang Garam,Jember,104645
23/04/2024,Besuki Na Oogst,Gudang Garam,Jember,109450
24/04/2024,Besuki Na Oogst,Gudang Garam,Jember,146613
25/04/2024,Besuki Na Oogst,Gudang Garam,Jember,102554
26/04/2024,Besuki Na Oogst,Gudang Garam,Jember,137240
27/04/2024,Besuki Na Oogst,Gudang Garam,Jember,149728
28/04/2024,Besuki Na Oogst,Gudang Garam,Jember,106828
29/04/2024,Besuki Na Oogst,Gudang Garam,Jember,112610
30/04/2024,Besuki Na Oogst,Gudang Garam,Jember,99971
01/05/2024,Besuki Na Oogst,Gudang Garam,Jember,102144
02/05/2024,Besuki Na Oogst,Gudang Garam,Jember,129617
03/05/2024,Besuki Na Oogst,Gudang Garam,Jember,116280
04/05/2024,Besuki Na Oogst,Gudang Garam,Jember,122822
05/05/2024,Besuki Na Oogst,Gudang Garam,Jember,137857
06/05/2024,Besuki Na Oogst,Gudang Garam,Jember,132228
07/05/2024,Besuki Na Oogst,Gudang Garam,Jember,126797
08/05/2024,Besuki Na Oogst,Gudang Garam,Jember,127139
09/05/2024,Besuki Na Oogst,Gudang Garam,Jember,126862
10/05/2024,Besuki Na Oogst,Gudang Garam,Jember,112779
11/05/2024,Besuki Na Oogst,Gudang Garam,Jember,107447
12/05/2024,Besuki Na Oogst,Gudang Garam,Jember,117652
13/05/2024,Besuki Na Oogst,Gudang Garam,Jember,147754
14/05/2024,Besuki Na Oogst,Gudang Garam,Jember,92166
15/05/2024,Besuki Na Oogst,Gudang Garam,Jember,108305
16/05/2024,Besuki Na Oogst,Gudang Garam,Jember,131231
17/05/2024,Besuki Na Oogst,Gudang Garam,Jember,139635
18/05/2024,Besuki Na Oogst,Gudang Garam,Jember,116561
19/05/2024,Besuki Na Oogst,Gudang Garam,Jember,112215
20/05/2024,Besuki Na Oogst,Gudang Garam,Jember,133147
21/05/2024,Besuki Na Oogst,Gudang Garam,Jember,116503
22/05/2024,Besuki Na Oogst,Gudang Garam,Jember,105846
23/05/2024,Besuki Na Oogst,Gudang Garam,Jember,148918
24/05/2024,Besuki Na Oogst,Gudang Garam,Jember,139533
25/05/2024,Besuki Na Oogst,Gudang Garam,Jember,118420
26/05/2024,Besuki Na Oogst,Gudang Garam,Jember,131869
27/05/2024,Besuki Na Oogst,Gudang Garam,Jember,137920
28/05/2024,Besuki Na Oogst,Gudang Garam,Jember,139829
29/05/2024,Besuki Na Oogst,Gudang Garam,Jember,116125
30/05/2024,Besuki Na Oogst,Gudang Garam,Jember,106244
31/05/2024,Besuki Na Oogst,Gudang Garam,Jember,146584
